"Site","State","From_To"
"4","C","Node1_Node2"
"5","T","Node1_Node2"
"8","T","Node1_Node2"
"11","T","Node1_Node2"
"13","A","Node1_Node2"
"15","T","Node1_Node2"
"18","A","Node1_Node2"
"20","T","Node1_Node2"
"21","T","Node1_Node2"
"25","T","Node1_Node2"
"29","T","Node1_Node2"
"33","A","Node1_Node2"
"34","C","Node1_Node2"
"35","T","Node1_Node2"
"37","C","Node1_Node2"
"39","A","Node1_Node2"
"40","A","Node1_Node2"
"45","G","Node1_Node2"
"46","T","Node1_Node2"
"51","T","Node1_Node2"
"54","A","Node1_Node2"
"55","T","Node1_Node2"
"56","A","Node1_Node2"
"60","T","Node1_Node2"
"61","T","Node1_Node2"
"62","A","Node1_Node2"
"63","C","Node1_Node2"
"65","C","Node1_Node2"
"68","G","Node1_Node2"
"69","C","Node1_Node2"
"72","G","Node1_Node2"
"73","C","Node1_Node2"
"74","T","Node1_Node2"
"76","A","Node1_Node2"
"81","T","Node1_Node2"
"84","A","Node1_Node2"
"85","G","Node1_Node2"
"90","T","Node1_Node2"
"92","A","Node1_Node2"
"94","A","Node1_Node2"
"7","A","Node2_Node3"
"9","C","Node2_Node3"
"13","C","Node2_Node3"
"14","A","Node2_Node3"
"17","A","Node2_Node3"
"19","C","Node2_Node3"
"38","A","Node2_Node3"
"44","G","Node2_Node3"
"58","G","Node2_Node3"
"70","T","Node2_Node3"
"1","T","Node3_Node4"
"6","A","Node3_Node4"
"32","G","Node3_Node4"
"49","G","Node3_Node4"
"67","T","Node3_Node4"
"89","C","Node3_Node4"
"19","-","Node4_Met4"
"37","G","Node4_Met4"
"46","G","Node4_Met4"
"55","-","Node4_Met4"
"57","-","Node4_Met4"
"65","G","Node4_Met4"
"70","-","Node4_Met4"
"83","G","Node4_Met4"
"16","A","Node4_Node5"
"71","A","Node4_Node5"
"46","-","Node5_Met1"
"50","T","Node5_Met1"
"68","-","Node5_Met1"
"83","-","Node5_Met1"
"54","C","Node5_Node6"
"22","A","Node6_Met3"
"23","A","Node6_Met3"
"57","-","Node6_Met3"
"68","-","Node6_Met3"
"6","C","Node6_Met7"
