"alt"	"ref"	"pos"	"sample.id"	"chr"
"T"	"C"	2939177	"435_Prim"	"1"
"G"	"G"	10384954	"435_Prim"	"1"
"A"	"A"	10711024	"435_Prim"	"1"
"G"	"G"	39788581	"435_Prim"	"1"
"C"	"C"	52442668	"435_Prim"	"1"
"T"	"A"	57173340	"435_Prim"	"1"
"C"	"C"	118581954	"435_Prim"	"1"
"G"	"G"	161141666	"435_Prim"	"1"
"C"	"G"	162760608	"435_Prim"	"1"
"A"	"G"	167805709	"435_Prim"	"1"
"G"	"G"	186644476	"435_Prim"	"1"
"G"	"G"	208215609	"435_Prim"	"1"
"C"	"C"	236755893	"435_Prim"	"1"
"G"	"T"	248524929	"435_Prim"	"1"
"G"	"G"	141214026	"435_Prim"	"2"
"A"	"G"	141459305	"435_Prim"	"2"
"G"	"G"	161223769	"435_Prim"	"2"
"T"	"T"	163291971	"435_Prim"	"2"
"G"	"G"	170044559	"435_Prim"	"2"
"T"	"T"	175243770	"435_Prim"	"2"
"T"	"T"	196741271	"435_Prim"	"2"
"G"	"G"	211179675	"435_Prim"	"2"
"T"	"T"	213872136	"435_Prim"	"2"
"A"	"A"	213872682	"435_Prim"	"2"
"G"	"G"	216236634	"435_Prim"	"2"
"C"	"C"	228147173	"435_Prim"	"2"
"A"	"A"	231655592	"435_Prim"	"2"
"C"	"C"	33055592	"435_Prim"	"3"
"G"	"C"	41266113	"435_Prim"	"3"
"C"	"C"	48624007	"435_Prim"	"3"
"A"	"T"	75787218	"435_Prim"	"3"
"G"	"A"	75787244	"435_Prim"	"3"
"A"	"A"	138739017	"435_Prim"	"3"
"G"	"G"	146177758	"435_Prim"	"3"
"C"	"T"	153995412	"435_Prim"	"3"
"G"	"C"	154033003	"435_Prim"	"3"
"G"	"G"	184801255	"435_Prim"	"3"
"G"	"G"	6037800	"435_Prim"	"4"
"A"	"G"	7436260	"435_Prim"	"4"
"G"	"G"	15529107	"435_Prim"	"4"
"C"	"C"	57215954	"435_Prim"	"4"
"G"	"G"	77817011	"435_Prim"	"4"
"A"	"G"	99325726	"435_Prim"	"4"
"G"	"G"	114279753	"435_Prim"	"4"
"G"	"G"	144617375	"435_Prim"	"4"
"C"	"A"	151770610	"435_Prim"	"4"
"T"	"A"	158282752	"435_Prim"	"4"
"T"	"T"	165118225	"435_Prim"	"4"
"C"	"C"	165118226	"435_Prim"	"4"
"T"	"G"	175237426	"435_Prim"	"4"
"C"	"C"	183714476	"435_Prim"	"4"
"G"	"G"	185678378	"435_Prim"	"4"
"T"	"C"	236660	"435_Prim"	"5"
"G"	"G"	66416873	"435_Prim"	"5"
"G"	"C"	68411221	"435_Prim"	"5"
"T"	"C"	71489721	"435_Prim"	"5"
"T"	"C"	72864326	"435_Prim"	"5"
"C"	"T"	77311282	"435_Prim"	"5"
"C"	"C"	96518869	"435_Prim"	"5"
"G"	"G"	118485551	"435_Prim"	"5"
"G"	"G"	132270014	"435_Prim"	"5"
"T"	"G"	140168092	"435_Prim"	"5"
"T"	"T"	161580161	"435_Prim"	"5"
"C"	"C"	169116272	"435_Prim"	"5"
"G"	"C"	180329392	"435_Prim"	"5"
"G"	"G"	394886	"435_Prim"	"6"
"G"	"G"	2959567	"435_Prim"	"6"
"C"	"T"	32629133	"435_Prim"	"6"
"T"	"T"	36339140	"435_Prim"	"6"
"G"	"G"	37606389	"435_Prim"	"6"
"A"	"G"	42613248	"435_Prim"	"6"
"A"	"C"	49754204	"435_Prim"	"6"
"G"	"G"	79577450	"435_Prim"	"6"
"G"	"C"	85466460	"435_Prim"	"6"
"G"	"G"	30922577	"435_Prim"	"7"
"C"	"C"	44805910	"435_Prim"	"7"
"C"	"C"	55249071	"435_Prim"	"7"
"G"	"A"	56006699	"435_Prim"	"7"
"G"	"G"	92848697	"435_Prim"	"7"
"A"	"C"	103212708	"435_Prim"	"7"
"C"	"G"	120593375	"435_Prim"	"7"
"A"	"C"	142480063	"435_Prim"	"7"
"A"	"G"	143053779	"435_Prim"	"7"
"C"	"G"	148543590	"435_Prim"	"7"
"G"	"G"	22020183	"435_Prim"	"8"
"C"	"C"	35542203	"435_Prim"	"8"
"T"	"T"	41166552	"435_Prim"	"8"
"C"	"C"	42173801	"435_Prim"	"8"
"C"	"C"	67726129	"435_Prim"	"8"
"A"	"G"	105026786	"435_Prim"	"8"
"C"	"C"	122626427	"435_Prim"	"8"
"G"	"G"	133759261	"435_Prim"	"8"
"G"	"A"	67926873	"435_Prim"	"9"
"A"	"G"	73399191	"435_Prim"	"9"
"A"	"A"	102730769	"435_Prim"	"9"
"C"	"C"	139640316	"435_Prim"	"9"
"C"	"C"	20106092	"435_Prim"	"10"
"G"	"G"	49983790	"435_Prim"	"10"
"G"	"G"	52103560	"435_Prim"	"10"
"G"	"G"	96708892	"435_Prim"	"10"
"C"	"C"	97110968	"435_Prim"	"10"
"C"	"C"	98133381	"435_Prim"	"10"
"C"	"C"	135440123	"435_Prim"	"10"
"G"	"G"	45672159	"435_Prim"	"11"
"G"	"G"	61580059	"435_Prim"	"11"
"G"	"G"	61905329	"435_Prim"	"11"
"G"	"G"	64084516	"435_Prim"	"11"
"T"	"T"	73834144	"435_Prim"	"11"
"C"	"C"	85961377	"435_Prim"	"11"
"C"	"T"	110134833	"435_Prim"	"11"
"G"	"G"	117038172	"435_Prim"	"11"
"C"	"C"	7046168	"435_Prim"	"12"
"G"	"A"	11546858	"435_Prim"	"12"
"G"	"G"	32793387	"435_Prim"	"12"
"G"	"G"	50035714	"435_Prim"	"12"
"A"	"C"	78531021	"435_Prim"	"12"
"C"	"C"	96653579	"435_Prim"	"12"
"C"	"C"	105151113	"435_Prim"	"12"
"G"	"G"	20716958	"435_Prim"	"13"
"C"	"C"	37605902	"435_Prim"	"13"
"C"	"C"	20823912	"435_Prim"	"14"
"C"	"C"	25045379	"435_Prim"	"14"
"G"	"G"	53185055	"435_Prim"	"14"
"C"	"C"	91636380	"435_Prim"	"14"
"C"	"C"	94079308	"435_Prim"	"14"
"C"	"C"	99969243	"435_Prim"	"14"
"G"	"G"	102323180	"435_Prim"	"14"
"T"	"C"	103966497	"435_Prim"	"14"
"T"	"C"	104641742	"435_Prim"	"14"
"C"	"C"	105415398	"435_Prim"	"14"
"T"	"T"	41797630	"435_Prim"	"15"
"G"	"G"	53809913	"435_Prim"	"15"
"G"	"G"	90611751	"435_Prim"	"15"
"G"	"G"	4445338	"435_Prim"	"16"
"A"	"G"	10867955	"435_Prim"	"16"
"G"	"G"	31286939	"435_Prim"	"16"
"C"	"C"	74519721	"435_Prim"	"16"
"G"	"G"	87446726	"435_Prim"	"16"
"G"	"C"	7017556	"435_Prim"	"17"
"A"	"G"	7577539	"435_Prim"	"17"
"C"	"C"	8408200	"435_Prim"	"17"
"G"	"G"	27005589	"435_Prim"	"17"
"G"	"G"	27613873	"435_Prim"	"17"
"C"	"C"	33689792	"435_Prim"	"17"
"G"	"G"	36476502	"435_Prim"	"17"
"C"	"C"	40475318	"435_Prim"	"17"
"G"	"G"	40965983	"435_Prim"	"17"
"C"	"T"	60525994	"435_Prim"	"17"
"C"	"C"	73235058	"435_Prim"	"17"
"G"	"G"	2853263	"435_Prim"	"19"
"C"	"C"	8188415	"435_Prim"	"19"
"T"	"C"	22171610	"435_Prim"	"19"
"C"	"C"	39591247	"435_Prim"	"19"
"C"	"C"	43689111	"435_Prim"	"19"
"T"	"C"	45458682	"435_Prim"	"19"
"A"	"G"	53056992	"435_Prim"	"19"
"G"	"C"	58385762	"435_Prim"	"19"
"A"	"A"	2290450	"435_Prim"	"20"
"G"	"G"	3146806	"435_Prim"	"20"
"G"	"G"	9346114	"435_Prim"	"20"
"T"	"C"	35517720	"435_Prim"	"20"
"G"	"G"	44258516	"435_Prim"	"20"
"C"	"C"	44672327	"435_Prim"	"20"
"G"	"G"	45865184	"435_Prim"	"20"
"C"	"C"	49203803	"435_Prim"	"20"
"A"	"G"	28296641	"435_Prim"	"21"
"C"	"C"	45711005	"435_Prim"	"21"
"C"	"C"	46751472	"435_Prim"	"22"
"T"	"T"	14883515	"435_Prim"	"X"
"G"	"T"	15315750	"435_Prim"	"X"
"G"	"G"	35971801	"435_Prim"	"X"
"C"	"C"	47308031	"435_Prim"	"X"
"C"	"T"	49645762	"435_Prim"	"X"
"G"	"G"	70387244	"435_Prim"	"X"
"A"	"G"	99919839	"435_Prim"	"X"
"C"	"C"	100912483	"435_Prim"	"X"
"C"	"C"	112065768	"435_Prim"	"X"
"A"	"C"	114536682	"435_Prim"	"X"
"A"	"C"	151283696	"435_Prim"	"X"
"C"	"C"	2939177	"435_Met1"	"1"
"G"	"G"	10384954	"435_Met1"	"1"
"C"	"A"	10711024	"435_Met1"	"1"
"G"	"G"	39788581	"435_Met1"	"1"
"C"	"C"	52442668	"435_Met1"	"1"
"T"	"A"	57173340	"435_Met1"	"1"
"C"	"C"	118581954	"435_Met1"	"1"
"C"	"G"	161141666	"435_Met1"	"1"
"C"	"G"	162760608	"435_Met1"	"1"
"A"	"G"	167805709	"435_Met1"	"1"
"C"	"G"	186644476	"435_Met1"	"1"
"A"	"G"	208215609	"435_Met1"	"1"
"C"	"C"	236755893	"435_Met1"	"1"
"G"	"T"	248524929	"435_Met1"	"1"
"T"	"G"	141214026	"435_Met1"	"2"
"A"	"G"	141459305	"435_Met1"	"2"
"G"	"G"	161223769	"435_Met1"	"2"
"G"	"T"	163291971	"435_Met1"	"2"
"A"	"G"	170044559	"435_Met1"	"2"
"G"	"T"	175243770	"435_Met1"	"2"
"T"	"T"	196741271	"435_Met1"	"2"
"G"	"G"	211179675	"435_Met1"	"2"
"G"	"T"	213872136	"435_Met1"	"2"
"A"	"A"	213872682	"435_Met1"	"2"
"C"	"G"	216236634	"435_Met1"	"2"
"C"	"C"	228147173	"435_Met1"	"2"
"G"	"A"	231655592	"435_Met1"	"2"
"C"	"C"	33055592	"435_Met1"	"3"
"T"	"C"	41266113	"435_Met1"	"3"
"G"	"C"	48624007	"435_Met1"	"3"
"A"	"T"	75787218	"435_Met1"	"3"
"G"	"A"	75787244	"435_Met1"	"3"
"A"	"A"	138739017	"435_Met1"	"3"
"G"	"G"	146177758	"435_Met1"	"3"
"C"	"T"	153995412	"435_Met1"	"3"
"C"	"C"	154033003	"435_Met1"	"3"
"A"	"G"	184801255	"435_Met1"	"3"
"A"	"G"	6037800	"435_Met1"	"4"
"G"	"G"	7436260	"435_Met1"	"4"
"C"	"G"	15529107	"435_Met1"	"4"
"C"	"C"	57215954	"435_Met1"	"4"
"A"	"G"	77817011	"435_Met1"	"4"
"G"	"G"	99325726	"435_Met1"	"4"
"C"	"G"	114279753	"435_Met1"	"4"
"C"	"G"	144617375	"435_Met1"	"4"
"C"	"A"	151770610	"435_Met1"	"4"
"T"	"A"	158282752	"435_Met1"	"4"
"A"	"T"	165118225	"435_Met1"	"4"
"A"	"C"	165118226	"435_Met1"	"4"
"T"	"G"	175237426	"435_Met1"	"4"
"T"	"C"	183714476	"435_Met1"	"4"
"A"	"G"	185678378	"435_Met1"	"4"
"T"	"C"	236660	"435_Met1"	"5"
"G"	"G"	66416873	"435_Met1"	"5"
"C"	"C"	68411221	"435_Met1"	"5"
"T"	"C"	71489721	"435_Met1"	"5"
"T"	"C"	72864326	"435_Met1"	"5"
"C"	"T"	77311282	"435_Met1"	"5"
"G"	"C"	96518869	"435_Met1"	"5"
"G"	"G"	118485551	"435_Met1"	"5"
"A"	"G"	132270014	"435_Met1"	"5"
"T"	"G"	140168092	"435_Met1"	"5"
"A"	"T"	161580161	"435_Met1"	"5"
"C"	"C"	169116272	"435_Met1"	"5"
"C"	"C"	180329392	"435_Met1"	"5"
"G"	"G"	394886	"435_Met1"	"6"
"C"	"G"	2959567	"435_Met1"	"6"
"C"	"T"	32629133	"435_Met1"	"6"
"A"	"T"	36339140	"435_Met1"	"6"
"G"	"G"	37606389	"435_Met1"	"6"
"A"	"G"	42613248	"435_Met1"	"6"
"A"	"C"	49754204	"435_Met1"	"6"
"G"	"G"	79577450	"435_Met1"	"6"
"C"	"C"	85466460	"435_Met1"	"6"
"G"	"G"	30922577	"435_Met1"	"7"
"C"	"C"	44805910	"435_Met1"	"7"
"T"	"C"	55249071	"435_Met1"	"7"
"G"	"A"	56006699	"435_Met1"	"7"
"C"	"G"	92848697	"435_Met1"	"7"
"A"	"C"	103212708	"435_Met1"	"7"
"C"	"G"	120593375	"435_Met1"	"7"
"A"	"C"	142480063	"435_Met1"	"7"
"G"	"G"	143053779	"435_Met1"	"7"
"C"	"G"	148543590	"435_Met1"	"7"
"G"	"G"	22020183	"435_Met1"	"8"
"C"	"C"	35542203	"435_Met1"	"8"
"C"	"T"	41166552	"435_Met1"	"8"
"T"	"C"	42173801	"435_Met1"	"8"
"T"	"C"	67726129	"435_Met1"	"8"
"A"	"G"	105026786	"435_Met1"	"8"
"G"	"C"	122626427	"435_Met1"	"8"
"G"	"G"	133759261	"435_Met1"	"8"
"G"	"A"	67926873	"435_Met1"	"9"
"A"	"G"	73399191	"435_Met1"	"9"
"G"	"A"	102730769	"435_Met1"	"9"
"C"	"C"	139640316	"435_Met1"	"9"
"C"	"C"	20106092	"435_Met1"	"10"
"T"	"G"	49983790	"435_Met1"	"10"
"A"	"G"	52103560	"435_Met1"	"10"
"C"	"G"	96708892	"435_Met1"	"10"
"T"	"C"	97110968	"435_Met1"	"10"
"A"	"C"	98133381	"435_Met1"	"10"
"T"	"C"	135440123	"435_Met1"	"10"
"T"	"G"	45672159	"435_Met1"	"11"
"C"	"G"	61580059	"435_Met1"	"11"
"A"	"G"	61905329	"435_Met1"	"11"
"A"	"G"	64084516	"435_Met1"	"11"
"T"	"T"	73834144	"435_Met1"	"11"
"C"	"C"	85961377	"435_Met1"	"11"
"C"	"T"	110134833	"435_Met1"	"11"
"A"	"G"	117038172	"435_Met1"	"11"
"T"	"C"	7046168	"435_Met1"	"12"
"-"	"A"	11546858	"435_Met1"	"12"
"G"	"G"	32793387	"435_Met1"	"12"
"T"	"G"	50035714	"435_Met1"	"12"
"A"	"C"	78531021	"435_Met1"	"12"
"A"	"C"	96653579	"435_Met1"	"12"
"T"	"C"	105151113	"435_Met1"	"12"
"A"	"G"	20716958	"435_Met1"	"13"
"A"	"C"	37605902	"435_Met1"	"13"
"T"	"C"	20823912	"435_Met1"	"14"
"G"	"C"	25045379	"435_Met1"	"14"
"A"	"G"	53185055	"435_Met1"	"14"
"C"	"C"	91636380	"435_Met1"	"14"
"T"	"C"	94079308	"435_Met1"	"14"
"G"	"C"	99969243	"435_Met1"	"14"
"C"	"G"	102323180	"435_Met1"	"14"
"T"	"C"	103966497	"435_Met1"	"14"
"T"	"C"	104641742	"435_Met1"	"14"
"T"	"C"	105415398	"435_Met1"	"14"
"C"	"T"	41797630	"435_Met1"	"15"
"T"	"G"	53809913	"435_Met1"	"15"
"A"	"G"	90611751	"435_Met1"	"15"
"C"	"G"	4445338	"435_Met1"	"16"
"G"	"G"	10867955	"435_Met1"	"16"
"A"	"G"	31286939	"435_Met1"	"16"
"T"	"C"	74519721	"435_Met1"	"16"
"A"	"G"	87446726	"435_Met1"	"16"
"G"	"C"	7017556	"435_Met1"	"17"
"A"	"G"	7577539	"435_Met1"	"17"
"A"	"C"	8408200	"435_Met1"	"17"
"G"	"G"	27005589	"435_Met1"	"17"
"A"	"G"	27613873	"435_Met1"	"17"
"T"	"C"	33689792	"435_Met1"	"17"
"G"	"G"	36476502	"435_Met1"	"17"
"A"	"C"	40475318	"435_Met1"	"17"
"C"	"G"	40965983	"435_Met1"	"17"
"C"	"T"	60525994	"435_Met1"	"17"
"A"	"C"	73235058	"435_Met1"	"17"
"G"	"G"	2853263	"435_Met1"	"19"
"C"	"C"	8188415	"435_Met1"	"19"
"T"	"C"	22171610	"435_Met1"	"19"
"T"	"C"	39591247	"435_Met1"	"19"
"C"	"C"	43689111	"435_Met1"	"19"
"T"	"C"	45458682	"435_Met1"	"19"
"A"	"G"	53056992	"435_Met1"	"19"
"G"	"C"	58385762	"435_Met1"	"19"
"G"	"A"	2290450	"435_Met1"	"20"
"G"	"G"	3146806	"435_Met1"	"20"
"A"	"G"	9346114	"435_Met1"	"20"
"T"	"C"	35517720	"435_Met1"	"20"
"A"	"G"	44258516	"435_Met1"	"20"
"-"	"C"	44672327	"435_Met1"	"20"
"-"	"G"	45865184	"435_Met1"	"20"
"C"	"C"	49203803	"435_Met1"	"20"
"G"	"G"	28296641	"435_Met1"	"21"
"C"	"C"	45711005	"435_Met1"	"21"
"C"	"C"	46751472	"435_Met1"	"22"
"A"	"T"	14883515	"435_Met1"	"X"
"G"	"T"	15315750	"435_Met1"	"X"
"A"	"G"	35971801	"435_Met1"	"X"
"C"	"C"	47308031	"435_Met1"	"X"
"C"	"T"	49645762	"435_Met1"	"X"
"A"	"G"	70387244	"435_Met1"	"X"
"A"	"G"	99919839	"435_Met1"	"X"
"G"	"C"	100912483	"435_Met1"	"X"
"A"	"C"	112065768	"435_Met1"	"X"
"A"	"C"	114536682	"435_Met1"	"X"
"A"	"C"	151283696	"435_Met1"	"X"
"T"	"C"	2939177	"435_Met2"	"1"
"A"	"G"	10384954	"435_Met2"	"1"
"C"	"A"	10711024	"435_Met2"	"1"
"T"	"G"	39788581	"435_Met2"	"1"
"T"	"C"	52442668	"435_Met2"	"1"
"T"	"A"	57173340	"435_Met2"	"1"
"G"	"C"	118581954	"435_Met2"	"1"
"C"	"G"	161141666	"435_Met2"	"1"
"C"	"G"	162760608	"435_Met2"	"1"
"A"	"G"	167805709	"435_Met2"	"1"
"C"	"G"	186644476	"435_Met2"	"1"
"A"	"G"	208215609	"435_Met2"	"1"
"T"	"C"	236755893	"435_Met2"	"1"
"G"	"T"	248524929	"435_Met2"	"1"
"G"	"G"	141214026	"435_Met2"	"2"
"A"	"G"	141459305	"435_Met2"	"2"
"A"	"G"	161223769	"435_Met2"	"2"
"G"	"T"	163291971	"435_Met2"	"2"
"A"	"G"	170044559	"435_Met2"	"2"
"T"	"T"	175243770	"435_Met2"	"2"
"T"	"T"	196741271	"435_Met2"	"2"
"G"	"G"	211179675	"435_Met2"	"2"
"T"	"T"	213872136	"435_Met2"	"2"
"C"	"A"	213872682	"435_Met2"	"2"
"G"	"G"	216236634	"435_Met2"	"2"
"T"	"C"	228147173	"435_Met2"	"2"
"G"	"A"	231655592	"435_Met2"	"2"
"G"	"C"	33055592	"435_Met2"	"3"
"T"	"C"	41266113	"435_Met2"	"3"
"G"	"C"	48624007	"435_Met2"	"3"
"A"	"T"	75787218	"435_Met2"	"3"
"G"	"A"	75787244	"435_Met2"	"3"
"C"	"A"	138739017	"435_Met2"	"3"
"A"	"G"	146177758	"435_Met2"	"3"
"C"	"T"	153995412	"435_Met2"	"3"
"C"	"C"	154033003	"435_Met2"	"3"
"A"	"G"	184801255	"435_Met2"	"3"
"A"	"G"	6037800	"435_Met2"	"4"
"G"	"G"	7436260	"435_Met2"	"4"
"G"	"G"	15529107	"435_Met2"	"4"
"T"	"C"	57215954	"435_Met2"	"4"
"A"	"G"	77817011	"435_Met2"	"4"
"G"	"G"	99325726	"435_Met2"	"4"
"C"	"G"	114279753	"435_Met2"	"4"
"C"	"G"	144617375	"435_Met2"	"4"
"C"	"A"	151770610	"435_Met2"	"4"
"T"	"A"	158282752	"435_Met2"	"4"
"A"	"T"	165118225	"435_Met2"	"4"
"A"	"C"	165118226	"435_Met2"	"4"
"T"	"G"	175237426	"435_Met2"	"4"
"T"	"C"	183714476	"435_Met2"	"4"
"A"	"G"	185678378	"435_Met2"	"4"
"T"	"C"	236660	"435_Met2"	"5"
"T"	"G"	66416873	"435_Met2"	"5"
"C"	"C"	68411221	"435_Met2"	"5"
"T"	"C"	71489721	"435_Met2"	"5"
"T"	"C"	72864326	"435_Met2"	"5"
"C"	"T"	77311282	"435_Met2"	"5"
"C"	"C"	96518869	"435_Met2"	"5"
"A"	"G"	118485551	"435_Met2"	"5"
"G"	"G"	132270014	"435_Met2"	"5"
"T"	"G"	140168092	"435_Met2"	"5"
"A"	"T"	161580161	"435_Met2"	"5"
"T"	"C"	169116272	"435_Met2"	"5"
"C"	"C"	180329392	"435_Met2"	"5"
"A"	"G"	394886	"435_Met2"	"6"
"C"	"G"	2959567	"435_Met2"	"6"
"C"	"T"	32629133	"435_Met2"	"6"
"A"	"T"	36339140	"435_Met2"	"6"
"A"	"G"	37606389	"435_Met2"	"6"
"A"	"G"	42613248	"435_Met2"	"6"
"A"	"C"	49754204	"435_Met2"	"6"
"T"	"G"	79577450	"435_Met2"	"6"
"C"	"C"	85466460	"435_Met2"	"6"
"C"	"G"	30922577	"435_Met2"	"7"
"G"	"C"	44805910	"435_Met2"	"7"
"T"	"C"	55249071	"435_Met2"	"7"
"G"	"A"	56006699	"435_Met2"	"7"
"C"	"G"	92848697	"435_Met2"	"7"
"A"	"C"	103212708	"435_Met2"	"7"
"C"	"G"	120593375	"435_Met2"	"7"
"A"	"C"	142480063	"435_Met2"	"7"
"A"	"G"	143053779	"435_Met2"	"7"
"C"	"G"	148543590	"435_Met2"	"7"
"G"	"G"	22020183	"435_Met2"	"8"
"T"	"C"	35542203	"435_Met2"	"8"
"C"	"T"	41166552	"435_Met2"	"8"
"T"	"C"	42173801	"435_Met2"	"8"
"T"	"C"	67726129	"435_Met2"	"8"
"A"	"G"	105026786	"435_Met2"	"8"
"G"	"C"	122626427	"435_Met2"	"8"
"T"	"G"	133759261	"435_Met2"	"8"
"G"	"A"	67926873	"435_Met2"	"9"
"A"	"G"	73399191	"435_Met2"	"9"
"G"	"A"	102730769	"435_Met2"	"9"
"T"	"C"	139640316	"435_Met2"	"9"
"T"	"C"	20106092	"435_Met2"	"10"
"T"	"G"	49983790	"435_Met2"	"10"
"A"	"G"	52103560	"435_Met2"	"10"
"C"	"G"	96708892	"435_Met2"	"10"
"C"	"C"	97110968	"435_Met2"	"10"
"C"	"C"	98133381	"435_Met2"	"10"
"T"	"C"	135440123	"435_Met2"	"10"
"T"	"G"	45672159	"435_Met2"	"11"
"G"	"G"	61580059	"435_Met2"	"11"
"A"	"G"	61905329	"435_Met2"	"11"
"A"	"G"	64084516	"435_Met2"	"11"
"C"	"T"	73834144	"435_Met2"	"11"
"T"	"C"	85961377	"435_Met2"	"11"
"C"	"T"	110134833	"435_Met2"	"11"
"A"	"G"	117038172	"435_Met2"	"11"
"T"	"C"	7046168	"435_Met2"	"12"
"-"	"A"	11546858	"435_Met2"	"12"
"A"	"G"	32793387	"435_Met2"	"12"
"G"	"G"	50035714	"435_Met2"	"12"
"A"	"C"	78531021	"435_Met2"	"12"
"A"	"C"	96653579	"435_Met2"	"12"
"T"	"C"	105151113	"435_Met2"	"12"
"A"	"G"	20716958	"435_Met2"	"13"
"A"	"C"	37605902	"435_Met2"	"13"
"C"	"C"	20823912	"435_Met2"	"14"
"G"	"C"	25045379	"435_Met2"	"14"
"A"	"G"	53185055	"435_Met2"	"14"
"G"	"C"	91636380	"435_Met2"	"14"
"C"	"C"	94079308	"435_Met2"	"14"
"G"	"C"	99969243	"435_Met2"	"14"
"C"	"G"	102323180	"435_Met2"	"14"
"T"	"C"	103966497	"435_Met2"	"14"
"T"	"C"	104641742	"435_Met2"	"14"
"C"	"C"	105415398	"435_Met2"	"14"
"C"	"T"	41797630	"435_Met2"	"15"
"T"	"G"	53809913	"435_Met2"	"15"
"G"	"G"	90611751	"435_Met2"	"15"
"C"	"G"	4445338	"435_Met2"	"16"
"T"	"G"	10867955	"435_Met2"	"16"
"A"	"G"	31286939	"435_Met2"	"16"
"T"	"C"	74519721	"435_Met2"	"16"
"A"	"G"	87446726	"435_Met2"	"16"
"G"	"C"	7017556	"435_Met2"	"17"
"A"	"G"	7577539	"435_Met2"	"17"
"A"	"C"	8408200	"435_Met2"	"17"
"A"	"G"	27005589	"435_Met2"	"17"
"A"	"G"	27613873	"435_Met2"	"17"
"T"	"C"	33689792	"435_Met2"	"17"
"C"	"G"	36476502	"435_Met2"	"17"
"A"	"C"	40475318	"435_Met2"	"17"
"C"	"G"	40965983	"435_Met2"	"17"
"C"	"T"	60525994	"435_Met2"	"17"
"A"	"C"	73235058	"435_Met2"	"17"
"C"	"G"	2853263	"435_Met2"	"19"
"T"	"C"	8188415	"435_Met2"	"19"
"T"	"C"	22171610	"435_Met2"	"19"
"T"	"C"	39591247	"435_Met2"	"19"
"G"	"C"	43689111	"435_Met2"	"19"
"T"	"C"	45458682	"435_Met2"	"19"
"A"	"G"	53056992	"435_Met2"	"19"
"G"	"C"	58385762	"435_Met2"	"19"
"G"	"A"	2290450	"435_Met2"	"20"
"T"	"G"	3146806	"435_Met2"	"20"
"A"	"G"	9346114	"435_Met2"	"20"
"T"	"C"	35517720	"435_Met2"	"20"
"A"	"G"	44258516	"435_Met2"	"20"
"G"	"C"	44672327	"435_Met2"	"20"
"A"	"G"	45865184	"435_Met2"	"20"
"G"	"C"	49203803	"435_Met2"	"20"
"G"	"G"	28296641	"435_Met2"	"21"
"C"	"C"	45711005	"435_Met2"	"21"
"C"	"C"	46751472	"435_Met2"	"22"
"A"	"T"	14883515	"435_Met2"	"X"
"G"	"T"	15315750	"435_Met2"	"X"
"A"	"G"	35971801	"435_Met2"	"X"
"T"	"C"	47308031	"435_Met2"	"X"
"C"	"T"	49645762	"435_Met2"	"X"
"A"	"G"	70387244	"435_Met2"	"X"
"A"	"G"	99919839	"435_Met2"	"X"
"G"	"C"	100912483	"435_Met2"	"X"
"A"	"C"	112065768	"435_Met2"	"X"
"A"	"C"	114536682	"435_Met2"	"X"
"A"	"C"	151283696	"435_Met2"	"X"
"T"	"C"	2939177	"435_Met3"	"1"
"A"	"G"	10384954	"435_Met3"	"1"
"A"	"A"	10711024	"435_Met3"	"1"
"T"	"G"	39788581	"435_Met3"	"1"
"T"	"C"	52442668	"435_Met3"	"1"
"T"	"A"	57173340	"435_Met3"	"1"
"G"	"C"	118581954	"435_Met3"	"1"
"C"	"G"	161141666	"435_Met3"	"1"
"C"	"G"	162760608	"435_Met3"	"1"
"A"	"G"	167805709	"435_Met3"	"1"
"C"	"G"	186644476	"435_Met3"	"1"
"-"	"G"	208215609	"435_Met3"	"1"
"T"	"C"	236755893	"435_Met3"	"1"
"G"	"T"	248524929	"435_Met3"	"1"
"G"	"G"	141214026	"435_Met3"	"2"
"A"	"G"	141459305	"435_Met3"	"2"
"G"	"G"	161223769	"435_Met3"	"2"
"G"	"T"	163291971	"435_Met3"	"2"
"A"	"G"	170044559	"435_Met3"	"2"
"T"	"T"	175243770	"435_Met3"	"2"
"G"	"T"	196741271	"435_Met3"	"2"
"G"	"G"	211179675	"435_Met3"	"2"
"T"	"T"	213872136	"435_Met3"	"2"
"C"	"A"	213872682	"435_Met3"	"2"
"G"	"G"	216236634	"435_Met3"	"2"
"T"	"C"	228147173	"435_Met3"	"2"
"G"	"A"	231655592	"435_Met3"	"2"
"G"	"C"	33055592	"435_Met3"	"3"
"T"	"C"	41266113	"435_Met3"	"3"
"G"	"C"	48624007	"435_Met3"	"3"
"A"	"T"	75787218	"435_Met3"	"3"
"G"	"A"	75787244	"435_Met3"	"3"
"C"	"A"	138739017	"435_Met3"	"3"
"G"	"G"	146177758	"435_Met3"	"3"
"C"	"T"	153995412	"435_Met3"	"3"
"C"	"C"	154033003	"435_Met3"	"3"
"A"	"G"	184801255	"435_Met3"	"3"
"A"	"G"	6037800	"435_Met3"	"4"
"G"	"G"	7436260	"435_Met3"	"4"
"G"	"G"	15529107	"435_Met3"	"4"
"C"	"C"	57215954	"435_Met3"	"4"
"A"	"G"	77817011	"435_Met3"	"4"
"G"	"G"	99325726	"435_Met3"	"4"
"C"	"G"	114279753	"435_Met3"	"4"
"C"	"G"	144617375	"435_Met3"	"4"
"C"	"A"	151770610	"435_Met3"	"4"
"T"	"A"	158282752	"435_Met3"	"4"
"A"	"T"	165118225	"435_Met3"	"4"
"A"	"C"	165118226	"435_Met3"	"4"
"T"	"G"	175237426	"435_Met3"	"4"
"T"	"C"	183714476	"435_Met3"	"4"
"A"	"G"	185678378	"435_Met3"	"4"
"T"	"C"	236660	"435_Met3"	"5"
"G"	"G"	66416873	"435_Met3"	"5"
"C"	"C"	68411221	"435_Met3"	"5"
"T"	"C"	71489721	"435_Met3"	"5"
"T"	"C"	72864326	"435_Met3"	"5"
"C"	"T"	77311282	"435_Met3"	"5"
"C"	"C"	96518869	"435_Met3"	"5"
"G"	"G"	118485551	"435_Met3"	"5"
"G"	"G"	132270014	"435_Met3"	"5"
"T"	"G"	140168092	"435_Met3"	"5"
"A"	"T"	161580161	"435_Met3"	"5"
"T"	"C"	169116272	"435_Met3"	"5"
"C"	"C"	180329392	"435_Met3"	"5"
"G"	"G"	394886	"435_Met3"	"6"
"C"	"G"	2959567	"435_Met3"	"6"
"C"	"T"	32629133	"435_Met3"	"6"
"A"	"T"	36339140	"435_Met3"	"6"
"G"	"G"	37606389	"435_Met3"	"6"
"A"	"G"	42613248	"435_Met3"	"6"
"A"	"C"	49754204	"435_Met3"	"6"
"T"	"G"	79577450	"435_Met3"	"6"
"C"	"C"	85466460	"435_Met3"	"6"
"G"	"G"	30922577	"435_Met3"	"7"
"G"	"C"	44805910	"435_Met3"	"7"
"T"	"C"	55249071	"435_Met3"	"7"
"G"	"A"	56006699	"435_Met3"	"7"
"C"	"G"	92848697	"435_Met3"	"7"
"A"	"C"	103212708	"435_Met3"	"7"
"C"	"G"	120593375	"435_Met3"	"7"
"A"	"C"	142480063	"435_Met3"	"7"
"A"	"G"	143053779	"435_Met3"	"7"
"C"	"G"	148543590	"435_Met3"	"7"
"G"	"G"	22020183	"435_Met3"	"8"
"T"	"C"	35542203	"435_Met3"	"8"
"C"	"T"	41166552	"435_Met3"	"8"
"T"	"C"	42173801	"435_Met3"	"8"
"T"	"C"	67726129	"435_Met3"	"8"
"A"	"G"	105026786	"435_Met3"	"8"
"G"	"C"	122626427	"435_Met3"	"8"
"G"	"G"	133759261	"435_Met3"	"8"
"G"	"A"	67926873	"435_Met3"	"9"
"A"	"G"	73399191	"435_Met3"	"9"
"G"	"A"	102730769	"435_Met3"	"9"
"T"	"C"	139640316	"435_Met3"	"9"
"C"	"C"	20106092	"435_Met3"	"10"
"T"	"G"	49983790	"435_Met3"	"10"
"A"	"G"	52103560	"435_Met3"	"10"
"C"	"G"	96708892	"435_Met3"	"10"
"C"	"C"	97110968	"435_Met3"	"10"
"C"	"C"	98133381	"435_Met3"	"10"
"T"	"C"	135440123	"435_Met3"	"10"
"T"	"G"	45672159	"435_Met3"	"11"
"G"	"G"	61580059	"435_Met3"	"11"
"A"	"G"	61905329	"435_Met3"	"11"
"A"	"G"	64084516	"435_Met3"	"11"
"C"	"T"	73834144	"435_Met3"	"11"
"T"	"C"	85961377	"435_Met3"	"11"
"C"	"T"	110134833	"435_Met3"	"11"
"A"	"G"	117038172	"435_Met3"	"11"
"T"	"C"	7046168	"435_Met3"	"12"
"G"	"A"	11546858	"435_Met3"	"12"
"G"	"G"	32793387	"435_Met3"	"12"
"G"	"G"	50035714	"435_Met3"	"12"
"A"	"C"	78531021	"435_Met3"	"12"
"A"	"C"	96653579	"435_Met3"	"12"
"T"	"C"	105151113	"435_Met3"	"12"
"G"	"G"	20716958	"435_Met3"	"13"
"A"	"C"	37605902	"435_Met3"	"13"
"C"	"C"	20823912	"435_Met3"	"14"
"G"	"C"	25045379	"435_Met3"	"14"
"A"	"G"	53185055	"435_Met3"	"14"
"C"	"C"	91636380	"435_Met3"	"14"
"C"	"C"	94079308	"435_Met3"	"14"
"G"	"C"	99969243	"435_Met3"	"14"
"C"	"G"	102323180	"435_Met3"	"14"
"T"	"C"	103966497	"435_Met3"	"14"
"T"	"C"	104641742	"435_Met3"	"14"
"C"	"C"	105415398	"435_Met3"	"14"
"C"	"T"	41797630	"435_Met3"	"15"
"T"	"G"	53809913	"435_Met3"	"15"
"G"	"G"	90611751	"435_Met3"	"15"
"C"	"G"	4445338	"435_Met3"	"16"
"T"	"G"	10867955	"435_Met3"	"16"
"A"	"G"	31286939	"435_Met3"	"16"
"T"	"C"	74519721	"435_Met3"	"16"
"A"	"G"	87446726	"435_Met3"	"16"
"G"	"C"	7017556	"435_Met3"	"17"
"A"	"G"	7577539	"435_Met3"	"17"
"A"	"C"	8408200	"435_Met3"	"17"
"G"	"G"	27005589	"435_Met3"	"17"
"A"	"G"	27613873	"435_Met3"	"17"
"T"	"C"	33689792	"435_Met3"	"17"
"C"	"G"	36476502	"435_Met3"	"17"
"A"	"C"	40475318	"435_Met3"	"17"
"C"	"G"	40965983	"435_Met3"	"17"
"C"	"T"	60525994	"435_Met3"	"17"
"A"	"C"	73235058	"435_Met3"	"17"
"-"	"G"	2853263	"435_Met3"	"19"
"T"	"C"	8188415	"435_Met3"	"19"
"T"	"C"	22171610	"435_Met3"	"19"
"T"	"C"	39591247	"435_Met3"	"19"
"G"	"C"	43689111	"435_Met3"	"19"
"T"	"C"	45458682	"435_Met3"	"19"
"A"	"G"	53056992	"435_Met3"	"19"
"G"	"C"	58385762	"435_Met3"	"19"
"A"	"A"	2290450	"435_Met3"	"20"
"G"	"G"	3146806	"435_Met3"	"20"
"A"	"G"	9346114	"435_Met3"	"20"
"T"	"C"	35517720	"435_Met3"	"20"
"A"	"G"	44258516	"435_Met3"	"20"
"G"	"C"	44672327	"435_Met3"	"20"
"A"	"G"	45865184	"435_Met3"	"20"
"G"	"C"	49203803	"435_Met3"	"20"
"G"	"G"	28296641	"435_Met3"	"21"
"C"	"C"	45711005	"435_Met3"	"21"
"C"	"C"	46751472	"435_Met3"	"22"
"A"	"T"	14883515	"435_Met3"	"X"
"G"	"T"	15315750	"435_Met3"	"X"
"A"	"G"	35971801	"435_Met3"	"X"
"C"	"C"	47308031	"435_Met3"	"X"
"C"	"T"	49645762	"435_Met3"	"X"
"A"	"G"	70387244	"435_Met3"	"X"
"A"	"G"	99919839	"435_Met3"	"X"
"G"	"C"	100912483	"435_Met3"	"X"
"A"	"C"	112065768	"435_Met3"	"X"
"A"	"C"	114536682	"435_Met3"	"X"
"A"	"C"	151283696	"435_Met3"	"X"
"T"	"C"	2939177	"435_Met4"	"1"
"G"	"G"	10384954	"435_Met4"	"1"
"C"	"A"	10711024	"435_Met4"	"1"
"G"	"G"	39788581	"435_Met4"	"1"
"T"	"C"	52442668	"435_Met4"	"1"
"T"	"A"	57173340	"435_Met4"	"1"
"G"	"C"	118581954	"435_Met4"	"1"
"C"	"G"	161141666	"435_Met4"	"1"
"C"	"G"	162760608	"435_Met4"	"1"
"A"	"G"	167805709	"435_Met4"	"1"
"C"	"G"	186644476	"435_Met4"	"1"
"A"	"G"	208215609	"435_Met4"	"1"
"T"	"C"	236755893	"435_Met4"	"1"
"G"	"T"	248524929	"435_Met4"	"1"
"G"	"G"	141214026	"435_Met4"	"2"
"A"	"G"	141459305	"435_Met4"	"2"
"G"	"G"	161223769	"435_Met4"	"2"
"G"	"T"	163291971	"435_Met4"	"2"
"A"	"G"	170044559	"435_Met4"	"2"
"T"	"T"	175243770	"435_Met4"	"2"
"T"	"T"	196741271	"435_Met4"	"2"
"G"	"G"	211179675	"435_Met4"	"2"
"T"	"T"	213872136	"435_Met4"	"2"
"C"	"A"	213872682	"435_Met4"	"2"
"G"	"G"	216236634	"435_Met4"	"2"
"C"	"C"	228147173	"435_Met4"	"2"
"G"	"A"	231655592	"435_Met4"	"2"
"G"	"C"	33055592	"435_Met4"	"3"
"T"	"C"	41266113	"435_Met4"	"3"
"G"	"C"	48624007	"435_Met4"	"3"
"A"	"T"	75787218	"435_Met4"	"3"
"G"	"A"	75787244	"435_Met4"	"3"
"C"	"A"	138739017	"435_Met4"	"3"
"G"	"G"	146177758	"435_Met4"	"3"
"C"	"T"	153995412	"435_Met4"	"3"
"C"	"C"	154033003	"435_Met4"	"3"
"A"	"G"	184801255	"435_Met4"	"3"
"A"	"G"	6037800	"435_Met4"	"4"
"G"	"G"	7436260	"435_Met4"	"4"
"G"	"G"	15529107	"435_Met4"	"4"
"C"	"C"	57215954	"435_Met4"	"4"
"A"	"G"	77817011	"435_Met4"	"4"
"G"	"G"	99325726	"435_Met4"	"4"
"C"	"G"	114279753	"435_Met4"	"4"
"C"	"G"	144617375	"435_Met4"	"4"
"A"	"A"	151770610	"435_Met4"	"4"
"T"	"A"	158282752	"435_Met4"	"4"
"A"	"T"	165118225	"435_Met4"	"4"
"A"	"C"	165118226	"435_Met4"	"4"
"T"	"G"	175237426	"435_Met4"	"4"
"T"	"C"	183714476	"435_Met4"	"4"
"A"	"G"	185678378	"435_Met4"	"4"
"T"	"C"	236660	"435_Met4"	"5"
"G"	"G"	66416873	"435_Met4"	"5"
"C"	"C"	68411221	"435_Met4"	"5"
"T"	"C"	71489721	"435_Met4"	"5"
"T"	"C"	72864326	"435_Met4"	"5"
"C"	"T"	77311282	"435_Met4"	"5"
"C"	"C"	96518869	"435_Met4"	"5"
"G"	"G"	118485551	"435_Met4"	"5"
"G"	"G"	132270014	"435_Met4"	"5"
"T"	"G"	140168092	"435_Met4"	"5"
"A"	"T"	161580161	"435_Met4"	"5"
"T"	"C"	169116272	"435_Met4"	"5"
"C"	"C"	180329392	"435_Met4"	"5"
"G"	"G"	394886	"435_Met4"	"6"
"C"	"G"	2959567	"435_Met4"	"6"
"C"	"T"	32629133	"435_Met4"	"6"
"A"	"T"	36339140	"435_Met4"	"6"
"G"	"G"	37606389	"435_Met4"	"6"
"A"	"G"	42613248	"435_Met4"	"6"
"A"	"C"	49754204	"435_Met4"	"6"
"T"	"G"	79577450	"435_Met4"	"6"
"C"	"C"	85466460	"435_Met4"	"6"
"G"	"G"	30922577	"435_Met4"	"7"
"C"	"C"	44805910	"435_Met4"	"7"
"T"	"C"	55249071	"435_Met4"	"7"
"G"	"A"	56006699	"435_Met4"	"7"
"C"	"G"	92848697	"435_Met4"	"7"
"A"	"C"	103212708	"435_Met4"	"7"
"C"	"G"	120593375	"435_Met4"	"7"
"-"	"C"	142480063	"435_Met4"	"7"
"A"	"G"	143053779	"435_Met4"	"7"
"C"	"G"	148543590	"435_Met4"	"7"
"A"	"G"	22020183	"435_Met4"	"8"
"T"	"C"	35542203	"435_Met4"	"8"
"C"	"T"	41166552	"435_Met4"	"8"
"T"	"C"	42173801	"435_Met4"	"8"
"T"	"C"	67726129	"435_Met4"	"8"
"A"	"G"	105026786	"435_Met4"	"8"
"G"	"C"	122626427	"435_Met4"	"8"
"G"	"G"	133759261	"435_Met4"	"8"
"G"	"A"	67926873	"435_Met4"	"9"
"A"	"G"	73399191	"435_Met4"	"9"
"G"	"A"	102730769	"435_Met4"	"9"
"T"	"C"	139640316	"435_Met4"	"9"
"C"	"C"	20106092	"435_Met4"	"10"
"T"	"G"	49983790	"435_Met4"	"10"
"A"	"G"	52103560	"435_Met4"	"10"
"G"	"G"	96708892	"435_Met4"	"10"
"T"	"C"	97110968	"435_Met4"	"10"
"C"	"C"	98133381	"435_Met4"	"10"
"T"	"C"	135440123	"435_Met4"	"10"
"T"	"G"	45672159	"435_Met4"	"11"
"G"	"G"	61580059	"435_Met4"	"11"
"A"	"G"	61905329	"435_Met4"	"11"
"A"	"G"	64084516	"435_Met4"	"11"
"T"	"T"	73834144	"435_Met4"	"11"
"T"	"C"	85961377	"435_Met4"	"11"
"C"	"T"	110134833	"435_Met4"	"11"
"A"	"G"	117038172	"435_Met4"	"11"
"T"	"C"	7046168	"435_Met4"	"12"
"G"	"A"	11546858	"435_Met4"	"12"
"G"	"G"	32793387	"435_Met4"	"12"
"G"	"G"	50035714	"435_Met4"	"12"
"A"	"C"	78531021	"435_Met4"	"12"
"A"	"C"	96653579	"435_Met4"	"12"
"T"	"C"	105151113	"435_Met4"	"12"
"G"	"G"	20716958	"435_Met4"	"13"
"A"	"C"	37605902	"435_Met4"	"13"
"C"	"C"	20823912	"435_Met4"	"14"
"G"	"C"	25045379	"435_Met4"	"14"
"A"	"G"	53185055	"435_Met4"	"14"
"C"	"C"	91636380	"435_Met4"	"14"
"C"	"C"	94079308	"435_Met4"	"14"
"G"	"C"	99969243	"435_Met4"	"14"
"C"	"G"	102323180	"435_Met4"	"14"
"T"	"C"	103966497	"435_Met4"	"14"
"T"	"C"	104641742	"435_Met4"	"14"
"C"	"C"	105415398	"435_Met4"	"14"
"C"	"T"	41797630	"435_Met4"	"15"
"T"	"G"	53809913	"435_Met4"	"15"
"G"	"G"	90611751	"435_Met4"	"15"
"C"	"G"	4445338	"435_Met4"	"16"
"G"	"G"	10867955	"435_Met4"	"16"
"A"	"G"	31286939	"435_Met4"	"16"
"T"	"C"	74519721	"435_Met4"	"16"
"A"	"G"	87446726	"435_Met4"	"16"
"G"	"C"	7017556	"435_Met4"	"17"
"A"	"G"	7577539	"435_Met4"	"17"
"A"	"C"	8408200	"435_Met4"	"17"
"G"	"G"	27005589	"435_Met4"	"17"
"A"	"G"	27613873	"435_Met4"	"17"
"T"	"C"	33689792	"435_Met4"	"17"
"C"	"G"	36476502	"435_Met4"	"17"
"A"	"C"	40475318	"435_Met4"	"17"
"C"	"G"	40965983	"435_Met4"	"17"
"C"	"T"	60525994	"435_Met4"	"17"
"A"	"C"	73235058	"435_Met4"	"17"
"C"	"G"	2853263	"435_Met4"	"19"
"T"	"C"	8188415	"435_Met4"	"19"
"T"	"C"	22171610	"435_Met4"	"19"
"T"	"C"	39591247	"435_Met4"	"19"
"C"	"C"	43689111	"435_Met4"	"19"
"T"	"C"	45458682	"435_Met4"	"19"
"A"	"G"	53056992	"435_Met4"	"19"
"G"	"C"	58385762	"435_Met4"	"19"
"G"	"A"	2290450	"435_Met4"	"20"
"G"	"G"	3146806	"435_Met4"	"20"
"A"	"G"	9346114	"435_Met4"	"20"
"T"	"C"	35517720	"435_Met4"	"20"
"A"	"G"	44258516	"435_Met4"	"20"
"G"	"C"	44672327	"435_Met4"	"20"
"A"	"G"	45865184	"435_Met4"	"20"
"G"	"C"	49203803	"435_Met4"	"20"
"G"	"G"	28296641	"435_Met4"	"21"
"C"	"C"	45711005	"435_Met4"	"21"
"C"	"C"	46751472	"435_Met4"	"22"
"A"	"T"	14883515	"435_Met4"	"X"
"G"	"T"	15315750	"435_Met4"	"X"
"A"	"G"	35971801	"435_Met4"	"X"
"C"	"C"	47308031	"435_Met4"	"X"
"C"	"T"	49645762	"435_Met4"	"X"
"A"	"G"	70387244	"435_Met4"	"X"
"A"	"G"	99919839	"435_Met4"	"X"
"G"	"C"	100912483	"435_Met4"	"X"
"A"	"C"	112065768	"435_Met4"	"X"
"A"	"C"	114536682	"435_Met4"	"X"
"A"	"C"	151283696	"435_Met4"	"X"
"T"	"C"	2939177	"435_Met5"	"1"
"G"	"G"	10384954	"435_Met5"	"1"
"C"	"A"	10711024	"435_Met5"	"1"
"G"	"G"	39788581	"435_Met5"	"1"
"C"	"C"	52442668	"435_Met5"	"1"
"A"	"A"	57173340	"435_Met5"	"1"
"C"	"C"	118581954	"435_Met5"	"1"
"C"	"G"	161141666	"435_Met5"	"1"
"C"	"G"	162760608	"435_Met5"	"1"
"A"	"G"	167805709	"435_Met5"	"1"
"C"	"G"	186644476	"435_Met5"	"1"
"G"	"G"	208215609	"435_Met5"	"1"
"C"	"C"	236755893	"435_Met5"	"1"
"G"	"T"	248524929	"435_Met5"	"1"
"G"	"G"	141214026	"435_Met5"	"2"
"A"	"G"	141459305	"435_Met5"	"2"
"G"	"G"	161223769	"435_Met5"	"2"
"G"	"T"	163291971	"435_Met5"	"2"
"G"	"G"	170044559	"435_Met5"	"2"
"T"	"T"	175243770	"435_Met5"	"2"
"T"	"T"	196741271	"435_Met5"	"2"
"C"	"G"	211179675	"435_Met5"	"2"
"T"	"T"	213872136	"435_Met5"	"2"
"A"	"A"	213872682	"435_Met5"	"2"
"G"	"G"	216236634	"435_Met5"	"2"
"C"	"C"	228147173	"435_Met5"	"2"
"A"	"A"	231655592	"435_Met5"	"2"
"C"	"C"	33055592	"435_Met5"	"3"
"C"	"C"	41266113	"435_Met5"	"3"
"G"	"C"	48624007	"435_Met5"	"3"
"A"	"T"	75787218	"435_Met5"	"3"
"G"	"A"	75787244	"435_Met5"	"3"
"C"	"A"	138739017	"435_Met5"	"3"
"G"	"G"	146177758	"435_Met5"	"3"
"C"	"T"	153995412	"435_Met5"	"3"
"C"	"C"	154033003	"435_Met5"	"3"
"G"	"G"	184801255	"435_Met5"	"3"
"A"	"G"	6037800	"435_Met5"	"4"
"G"	"G"	7436260	"435_Met5"	"4"
"G"	"G"	15529107	"435_Met5"	"4"
"C"	"C"	57215954	"435_Met5"	"4"
"G"	"G"	77817011	"435_Met5"	"4"
"G"	"G"	99325726	"435_Met5"	"4"
"G"	"G"	114279753	"435_Met5"	"4"
"C"	"G"	144617375	"435_Met5"	"4"
"C"	"A"	151770610	"435_Met5"	"4"
"T"	"A"	158282752	"435_Met5"	"4"
"T"	"T"	165118225	"435_Met5"	"4"
"C"	"C"	165118226	"435_Met5"	"4"
"T"	"G"	175237426	"435_Met5"	"4"
"T"	"C"	183714476	"435_Met5"	"4"
"A"	"G"	185678378	"435_Met5"	"4"
"T"	"C"	236660	"435_Met5"	"5"
"G"	"G"	66416873	"435_Met5"	"5"
"C"	"C"	68411221	"435_Met5"	"5"
"T"	"C"	71489721	"435_Met5"	"5"
"T"	"C"	72864326	"435_Met5"	"5"
"C"	"T"	77311282	"435_Met5"	"5"
"C"	"C"	96518869	"435_Met5"	"5"
"G"	"G"	118485551	"435_Met5"	"5"
"G"	"G"	132270014	"435_Met5"	"5"
"T"	"G"	140168092	"435_Met5"	"5"
"T"	"T"	161580161	"435_Met5"	"5"
"C"	"C"	169116272	"435_Met5"	"5"
"C"	"C"	180329392	"435_Met5"	"5"
"G"	"G"	394886	"435_Met5"	"6"
"G"	"G"	2959567	"435_Met5"	"6"
"C"	"T"	32629133	"435_Met5"	"6"
"A"	"T"	36339140	"435_Met5"	"6"
"G"	"G"	37606389	"435_Met5"	"6"
"A"	"G"	42613248	"435_Met5"	"6"
"A"	"C"	49754204	"435_Met5"	"6"
"G"	"G"	79577450	"435_Met5"	"6"
"C"	"C"	85466460	"435_Met5"	"6"
"G"	"G"	30922577	"435_Met5"	"7"
"C"	"C"	44805910	"435_Met5"	"7"
"T"	"C"	55249071	"435_Met5"	"7"
"G"	"A"	56006699	"435_Met5"	"7"
"G"	"G"	92848697	"435_Met5"	"7"
"A"	"C"	103212708	"435_Met5"	"7"
"C"	"G"	120593375	"435_Met5"	"7"
"A"	"C"	142480063	"435_Met5"	"7"
"G"	"G"	143053779	"435_Met5"	"7"
"C"	"G"	148543590	"435_Met5"	"7"
"G"	"G"	22020183	"435_Met5"	"8"
"C"	"C"	35542203	"435_Met5"	"8"
"C"	"T"	41166552	"435_Met5"	"8"
"C"	"C"	42173801	"435_Met5"	"8"
"C"	"C"	67726129	"435_Met5"	"8"
"A"	"G"	105026786	"435_Met5"	"8"
"C"	"C"	122626427	"435_Met5"	"8"
"G"	"G"	133759261	"435_Met5"	"8"
"G"	"A"	67926873	"435_Met5"	"9"
"A"	"G"	73399191	"435_Met5"	"9"
"G"	"A"	102730769	"435_Met5"	"9"
"C"	"C"	139640316	"435_Met5"	"9"
"C"	"C"	20106092	"435_Met5"	"10"
"T"	"G"	49983790	"435_Met5"	"10"
"G"	"G"	52103560	"435_Met5"	"10"
"C"	"G"	96708892	"435_Met5"	"10"
"C"	"C"	97110968	"435_Met5"	"10"
"C"	"C"	98133381	"435_Met5"	"10"
"T"	"C"	135440123	"435_Met5"	"10"
"T"	"G"	45672159	"435_Met5"	"11"
"G"	"G"	61580059	"435_Met5"	"11"
"G"	"G"	61905329	"435_Met5"	"11"
"A"	"G"	64084516	"435_Met5"	"11"
"T"	"T"	73834144	"435_Met5"	"11"
"C"	"C"	85961377	"435_Met5"	"11"
"C"	"T"	110134833	"435_Met5"	"11"
"A"	"G"	117038172	"435_Met5"	"11"
"T"	"C"	7046168	"435_Met5"	"12"
"G"	"A"	11546858	"435_Met5"	"12"
"G"	"G"	32793387	"435_Met5"	"12"
"G"	"G"	50035714	"435_Met5"	"12"
"A"	"C"	78531021	"435_Met5"	"12"
"C"	"C"	96653579	"435_Met5"	"12"
"T"	"C"	105151113	"435_Met5"	"12"
"G"	"G"	20716958	"435_Met5"	"13"
"A"	"C"	37605902	"435_Met5"	"13"
"C"	"C"	20823912	"435_Met5"	"14"
"G"	"C"	25045379	"435_Met5"	"14"
"G"	"G"	53185055	"435_Met5"	"14"
"C"	"C"	91636380	"435_Met5"	"14"
"C"	"C"	94079308	"435_Met5"	"14"
"G"	"C"	99969243	"435_Met5"	"14"
"G"	"G"	102323180	"435_Met5"	"14"
"T"	"C"	103966497	"435_Met5"	"14"
"T"	"C"	104641742	"435_Met5"	"14"
"C"	"C"	105415398	"435_Met5"	"14"
"C"	"T"	41797630	"435_Met5"	"15"
"G"	"G"	53809913	"435_Met5"	"15"
"G"	"G"	90611751	"435_Met5"	"15"
"G"	"G"	4445338	"435_Met5"	"16"
"G"	"G"	10867955	"435_Met5"	"16"
"G"	"G"	31286939	"435_Met5"	"16"
"T"	"C"	74519721	"435_Met5"	"16"
"G"	"G"	87446726	"435_Met5"	"16"
"G"	"C"	7017556	"435_Met5"	"17"
"A"	"G"	7577539	"435_Met5"	"17"
"A"	"C"	8408200	"435_Met5"	"17"
"G"	"G"	27005589	"435_Met5"	"17"
"A"	"G"	27613873	"435_Met5"	"17"
"T"	"C"	33689792	"435_Met5"	"17"
"G"	"G"	36476502	"435_Met5"	"17"
"C"	"C"	40475318	"435_Met5"	"17"
"G"	"G"	40965983	"435_Met5"	"17"
"C"	"T"	60525994	"435_Met5"	"17"
"C"	"C"	73235058	"435_Met5"	"17"
"G"	"G"	2853263	"435_Met5"	"19"
"C"	"C"	8188415	"435_Met5"	"19"
"T"	"C"	22171610	"435_Met5"	"19"
"C"	"C"	39591247	"435_Met5"	"19"
"C"	"C"	43689111	"435_Met5"	"19"
"T"	"C"	45458682	"435_Met5"	"19"
"A"	"G"	53056992	"435_Met5"	"19"
"G"	"C"	58385762	"435_Met5"	"19"
"G"	"A"	2290450	"435_Met5"	"20"
"G"	"G"	3146806	"435_Met5"	"20"
"A"	"G"	9346114	"435_Met5"	"20"
"T"	"C"	35517720	"435_Met5"	"20"
"G"	"G"	44258516	"435_Met5"	"20"
"G"	"C"	44672327	"435_Met5"	"20"
"A"	"G"	45865184	"435_Met5"	"20"
"C"	"C"	49203803	"435_Met5"	"20"
"G"	"G"	28296641	"435_Met5"	"21"
"A"	"C"	45711005	"435_Met5"	"21"
"A"	"C"	46751472	"435_Met5"	"22"
"A"	"T"	14883515	"435_Met5"	"X"
"G"	"T"	15315750	"435_Met5"	"X"
"G"	"G"	35971801	"435_Met5"	"X"
"C"	"C"	47308031	"435_Met5"	"X"
"C"	"T"	49645762	"435_Met5"	"X"
"G"	"G"	70387244	"435_Met5"	"X"
"A"	"G"	99919839	"435_Met5"	"X"
"C"	"C"	100912483	"435_Met5"	"X"
"C"	"C"	112065768	"435_Met5"	"X"
"A"	"C"	114536682	"435_Met5"	"X"
"A"	"C"	151283696	"435_Met5"	"X"
"T"	"C"	2939177	"435_Met6"	"1"
"A"	"G"	10384954	"435_Met6"	"1"
"C"	"A"	10711024	"435_Met6"	"1"
"T"	"G"	39788581	"435_Met6"	"1"
"T"	"C"	52442668	"435_Met6"	"1"
"T"	"A"	57173340	"435_Met6"	"1"
"G"	"C"	118581954	"435_Met6"	"1"
"C"	"G"	161141666	"435_Met6"	"1"
"C"	"G"	162760608	"435_Met6"	"1"
"A"	"G"	167805709	"435_Met6"	"1"
"C"	"G"	186644476	"435_Met6"	"1"
"A"	"G"	208215609	"435_Met6"	"1"
"T"	"C"	236755893	"435_Met6"	"1"
"G"	"T"	248524929	"435_Met6"	"1"
"G"	"G"	141214026	"435_Met6"	"2"
"A"	"G"	141459305	"435_Met6"	"2"
"G"	"G"	161223769	"435_Met6"	"2"
"G"	"T"	163291971	"435_Met6"	"2"
"A"	"G"	170044559	"435_Met6"	"2"
"T"	"T"	175243770	"435_Met6"	"2"
"T"	"T"	196741271	"435_Met6"	"2"
"G"	"G"	211179675	"435_Met6"	"2"
"T"	"T"	213872136	"435_Met6"	"2"
"C"	"A"	213872682	"435_Met6"	"2"
"G"	"G"	216236634	"435_Met6"	"2"
"T"	"C"	228147173	"435_Met6"	"2"
"G"	"A"	231655592	"435_Met6"	"2"
"G"	"C"	33055592	"435_Met6"	"3"
"T"	"C"	41266113	"435_Met6"	"3"
"G"	"C"	48624007	"435_Met6"	"3"
"A"	"T"	75787218	"435_Met6"	"3"
"G"	"A"	75787244	"435_Met6"	"3"
"A"	"A"	138739017	"435_Met6"	"3"
"G"	"G"	146177758	"435_Met6"	"3"
"C"	"T"	153995412	"435_Met6"	"3"
"C"	"C"	154033003	"435_Met6"	"3"
"A"	"G"	184801255	"435_Met6"	"3"
"A"	"G"	6037800	"435_Met6"	"4"
"G"	"G"	7436260	"435_Met6"	"4"
"G"	"G"	15529107	"435_Met6"	"4"
"C"	"C"	57215954	"435_Met6"	"4"
"A"	"G"	77817011	"435_Met6"	"4"
"G"	"G"	99325726	"435_Met6"	"4"
"C"	"G"	114279753	"435_Met6"	"4"
"C"	"G"	144617375	"435_Met6"	"4"
"C"	"A"	151770610	"435_Met6"	"4"
"T"	"A"	158282752	"435_Met6"	"4"
"A"	"T"	165118225	"435_Met6"	"4"
"A"	"C"	165118226	"435_Met6"	"4"
"T"	"G"	175237426	"435_Met6"	"4"
"T"	"C"	183714476	"435_Met6"	"4"
"A"	"G"	185678378	"435_Met6"	"4"
"T"	"C"	236660	"435_Met6"	"5"
"G"	"G"	66416873	"435_Met6"	"5"
"C"	"C"	68411221	"435_Met6"	"5"
"T"	"C"	71489721	"435_Met6"	"5"
"T"	"C"	72864326	"435_Met6"	"5"
"C"	"T"	77311282	"435_Met6"	"5"
"C"	"C"	96518869	"435_Met6"	"5"
"G"	"G"	118485551	"435_Met6"	"5"
"G"	"G"	132270014	"435_Met6"	"5"
"T"	"G"	140168092	"435_Met6"	"5"
"A"	"T"	161580161	"435_Met6"	"5"
"T"	"C"	169116272	"435_Met6"	"5"
"C"	"C"	180329392	"435_Met6"	"5"
"G"	"G"	394886	"435_Met6"	"6"
"C"	"G"	2959567	"435_Met6"	"6"
"C"	"T"	32629133	"435_Met6"	"6"
"A"	"T"	36339140	"435_Met6"	"6"
"G"	"G"	37606389	"435_Met6"	"6"
"A"	"G"	42613248	"435_Met6"	"6"
"A"	"C"	49754204	"435_Met6"	"6"
"T"	"G"	79577450	"435_Met6"	"6"
"C"	"C"	85466460	"435_Met6"	"6"
"G"	"G"	30922577	"435_Met6"	"7"
"G"	"C"	44805910	"435_Met6"	"7"
"T"	"C"	55249071	"435_Met6"	"7"
"G"	"A"	56006699	"435_Met6"	"7"
"C"	"G"	92848697	"435_Met6"	"7"
"A"	"C"	103212708	"435_Met6"	"7"
"C"	"G"	120593375	"435_Met6"	"7"
"A"	"C"	142480063	"435_Met6"	"7"
"A"	"G"	143053779	"435_Met6"	"7"
"C"	"G"	148543590	"435_Met6"	"7"
"G"	"G"	22020183	"435_Met6"	"8"
"T"	"C"	35542203	"435_Met6"	"8"
"C"	"T"	41166552	"435_Met6"	"8"
"T"	"C"	42173801	"435_Met6"	"8"
"T"	"C"	67726129	"435_Met6"	"8"
"A"	"G"	105026786	"435_Met6"	"8"
"G"	"C"	122626427	"435_Met6"	"8"
"G"	"G"	133759261	"435_Met6"	"8"
"G"	"A"	67926873	"435_Met6"	"9"
"A"	"G"	73399191	"435_Met6"	"9"
"G"	"A"	102730769	"435_Met6"	"9"
"T"	"C"	139640316	"435_Met6"	"9"
"C"	"C"	20106092	"435_Met6"	"10"
"T"	"G"	49983790	"435_Met6"	"10"
"A"	"G"	52103560	"435_Met6"	"10"
"C"	"G"	96708892	"435_Met6"	"10"
"C"	"C"	97110968	"435_Met6"	"10"
"C"	"C"	98133381	"435_Met6"	"10"
"T"	"C"	135440123	"435_Met6"	"10"
"T"	"G"	45672159	"435_Met6"	"11"
"G"	"G"	61580059	"435_Met6"	"11"
"A"	"G"	61905329	"435_Met6"	"11"
"A"	"G"	64084516	"435_Met6"	"11"
"T"	"T"	73834144	"435_Met6"	"11"
"T"	"C"	85961377	"435_Met6"	"11"
"C"	"T"	110134833	"435_Met6"	"11"
"A"	"G"	117038172	"435_Met6"	"11"
"T"	"C"	7046168	"435_Met6"	"12"
"-"	"A"	11546858	"435_Met6"	"12"
"G"	"G"	32793387	"435_Met6"	"12"
"G"	"G"	50035714	"435_Met6"	"12"
"A"	"C"	78531021	"435_Met6"	"12"
"A"	"C"	96653579	"435_Met6"	"12"
"T"	"C"	105151113	"435_Met6"	"12"
"A"	"G"	20716958	"435_Met6"	"13"
"A"	"C"	37605902	"435_Met6"	"13"
"C"	"C"	20823912	"435_Met6"	"14"
"G"	"C"	25045379	"435_Met6"	"14"
"A"	"G"	53185055	"435_Met6"	"14"
"C"	"C"	91636380	"435_Met6"	"14"
"C"	"C"	94079308	"435_Met6"	"14"
"G"	"C"	99969243	"435_Met6"	"14"
"C"	"G"	102323180	"435_Met6"	"14"
"T"	"C"	103966497	"435_Met6"	"14"
"C"	"C"	104641742	"435_Met6"	"14"
"C"	"C"	105415398	"435_Met6"	"14"
"C"	"T"	41797630	"435_Met6"	"15"
"T"	"G"	53809913	"435_Met6"	"15"
"G"	"G"	90611751	"435_Met6"	"15"
"C"	"G"	4445338	"435_Met6"	"16"
"T"	"G"	10867955	"435_Met6"	"16"
"A"	"G"	31286939	"435_Met6"	"16"
"T"	"C"	74519721	"435_Met6"	"16"
"A"	"G"	87446726	"435_Met6"	"16"
"G"	"C"	7017556	"435_Met6"	"17"
"A"	"G"	7577539	"435_Met6"	"17"
"A"	"C"	8408200	"435_Met6"	"17"
"G"	"G"	27005589	"435_Met6"	"17"
"A"	"G"	27613873	"435_Met6"	"17"
"T"	"C"	33689792	"435_Met6"	"17"
"C"	"G"	36476502	"435_Met6"	"17"
"A"	"C"	40475318	"435_Met6"	"17"
"C"	"G"	40965983	"435_Met6"	"17"
"C"	"T"	60525994	"435_Met6"	"17"
"A"	"C"	73235058	"435_Met6"	"17"
"C"	"G"	2853263	"435_Met6"	"19"
"T"	"C"	8188415	"435_Met6"	"19"
"T"	"C"	22171610	"435_Met6"	"19"
"T"	"C"	39591247	"435_Met6"	"19"
"G"	"C"	43689111	"435_Met6"	"19"
"-"	"C"	45458682	"435_Met6"	"19"
"A"	"G"	53056992	"435_Met6"	"19"
"G"	"C"	58385762	"435_Met6"	"19"
"G"	"A"	2290450	"435_Met6"	"20"
"G"	"G"	3146806	"435_Met6"	"20"
"A"	"G"	9346114	"435_Met6"	"20"
"T"	"C"	35517720	"435_Met6"	"20"
"A"	"G"	44258516	"435_Met6"	"20"
"G"	"C"	44672327	"435_Met6"	"20"
"A"	"G"	45865184	"435_Met6"	"20"
"G"	"C"	49203803	"435_Met6"	"20"
"G"	"G"	28296641	"435_Met6"	"21"
"C"	"C"	45711005	"435_Met6"	"21"
"C"	"C"	46751472	"435_Met6"	"22"
"A"	"T"	14883515	"435_Met6"	"X"
"G"	"T"	15315750	"435_Met6"	"X"
"A"	"G"	35971801	"435_Met6"	"X"
"C"	"C"	47308031	"435_Met6"	"X"
"C"	"T"	49645762	"435_Met6"	"X"
"A"	"G"	70387244	"435_Met6"	"X"
"A"	"G"	99919839	"435_Met6"	"X"
"G"	"C"	100912483	"435_Met6"	"X"
"A"	"C"	112065768	"435_Met6"	"X"
"A"	"C"	114536682	"435_Met6"	"X"
"A"	"C"	151283696	"435_Met6"	"X"
"T"	"C"	2939177	"435_Node6"	"1"
"A"	"G"	10384954	"435_Node6"	"1"
"C"	"A"	10711024	"435_Node6"	"1"
"T"	"G"	39788581	"435_Node6"	"1"
"T"	"C"	52442668	"435_Node6"	"1"
"T"	"A"	57173340	"435_Node6"	"1"
"G"	"C"	118581954	"435_Node6"	"1"
"C"	"G"	161141666	"435_Node6"	"1"
"C"	"G"	162760608	"435_Node6"	"1"
"A"	"G"	167805709	"435_Node6"	"1"
"C"	"G"	186644476	"435_Node6"	"1"
"A"	"G"	208215609	"435_Node6"	"1"
"T"	"C"	236755893	"435_Node6"	"1"
"G"	"T"	248524929	"435_Node6"	"1"
"G"	"G"	141214026	"435_Node6"	"2"
"A"	"G"	141459305	"435_Node6"	"2"
"G"	"G"	161223769	"435_Node6"	"2"
"G"	"T"	163291971	"435_Node6"	"2"
"A"	"G"	170044559	"435_Node6"	"2"
"T"	"T"	175243770	"435_Node6"	"2"
"T"	"T"	196741271	"435_Node6"	"2"
"G"	"G"	211179675	"435_Node6"	"2"
"T"	"T"	213872136	"435_Node6"	"2"
"C"	"A"	213872682	"435_Node6"	"2"
"G"	"G"	216236634	"435_Node6"	"2"
"T"	"C"	228147173	"435_Node6"	"2"
"G"	"A"	231655592	"435_Node6"	"2"
"G"	"C"	33055592	"435_Node6"	"3"
"T"	"C"	41266113	"435_Node6"	"3"
"G"	"C"	48624007	"435_Node6"	"3"
"A"	"T"	75787218	"435_Node6"	"3"
"G"	"A"	75787244	"435_Node6"	"3"
"C"	"A"	138739017	"435_Node6"	"3"
"G"	"G"	146177758	"435_Node6"	"3"
"C"	"T"	153995412	"435_Node6"	"3"
"C"	"C"	154033003	"435_Node6"	"3"
"A"	"G"	184801255	"435_Node6"	"3"
"A"	"G"	6037800	"435_Node6"	"4"
"G"	"G"	7436260	"435_Node6"	"4"
"G"	"G"	15529107	"435_Node6"	"4"
"C"	"C"	57215954	"435_Node6"	"4"
"A"	"G"	77817011	"435_Node6"	"4"
"G"	"G"	99325726	"435_Node6"	"4"
"C"	"G"	114279753	"435_Node6"	"4"
"C"	"G"	144617375	"435_Node6"	"4"
"C"	"A"	151770610	"435_Node6"	"4"
"T"	"A"	158282752	"435_Node6"	"4"
"A"	"T"	165118225	"435_Node6"	"4"
"A"	"C"	165118226	"435_Node6"	"4"
"T"	"G"	175237426	"435_Node6"	"4"
"T"	"C"	183714476	"435_Node6"	"4"
"A"	"G"	185678378	"435_Node6"	"4"
"T"	"C"	236660	"435_Node6"	"5"
"G"	"G"	66416873	"435_Node6"	"5"
"C"	"C"	68411221	"435_Node6"	"5"
"T"	"C"	71489721	"435_Node6"	"5"
"T"	"C"	72864326	"435_Node6"	"5"
"C"	"T"	77311282	"435_Node6"	"5"
"C"	"C"	96518869	"435_Node6"	"5"
"G"	"G"	118485551	"435_Node6"	"5"
"G"	"G"	132270014	"435_Node6"	"5"
"T"	"G"	140168092	"435_Node6"	"5"
"A"	"T"	161580161	"435_Node6"	"5"
"T"	"C"	169116272	"435_Node6"	"5"
"C"	"C"	180329392	"435_Node6"	"5"
"G"	"G"	394886	"435_Node6"	"6"
"C"	"G"	2959567	"435_Node6"	"6"
"C"	"T"	32629133	"435_Node6"	"6"
"A"	"T"	36339140	"435_Node6"	"6"
"G"	"G"	37606389	"435_Node6"	"6"
"A"	"G"	42613248	"435_Node6"	"6"
"A"	"C"	49754204	"435_Node6"	"6"
"T"	"G"	79577450	"435_Node6"	"6"
"C"	"C"	85466460	"435_Node6"	"6"
"G"	"G"	30922577	"435_Node6"	"7"
"G"	"C"	44805910	"435_Node6"	"7"
"T"	"C"	55249071	"435_Node6"	"7"
"G"	"A"	56006699	"435_Node6"	"7"
"C"	"G"	92848697	"435_Node6"	"7"
"A"	"C"	103212708	"435_Node6"	"7"
"C"	"G"	120593375	"435_Node6"	"7"
"A"	"C"	142480063	"435_Node6"	"7"
"A"	"G"	143053779	"435_Node6"	"7"
"C"	"G"	148543590	"435_Node6"	"7"
"G"	"G"	22020183	"435_Node6"	"8"
"T"	"C"	35542203	"435_Node6"	"8"
"C"	"T"	41166552	"435_Node6"	"8"
"T"	"C"	42173801	"435_Node6"	"8"
"T"	"C"	67726129	"435_Node6"	"8"
"A"	"G"	105026786	"435_Node6"	"8"
"G"	"C"	122626427	"435_Node6"	"8"
"G"	"G"	133759261	"435_Node6"	"8"
"G"	"A"	67926873	"435_Node6"	"9"
"A"	"G"	73399191	"435_Node6"	"9"
"G"	"A"	102730769	"435_Node6"	"9"
"T"	"C"	139640316	"435_Node6"	"9"
"C"	"C"	20106092	"435_Node6"	"10"
"T"	"G"	49983790	"435_Node6"	"10"
"A"	"G"	52103560	"435_Node6"	"10"
"C"	"G"	96708892	"435_Node6"	"10"
"C"	"C"	97110968	"435_Node6"	"10"
"C"	"C"	98133381	"435_Node6"	"10"
"T"	"C"	135440123	"435_Node6"	"10"
"T"	"G"	45672159	"435_Node6"	"11"
"G"	"G"	61580059	"435_Node6"	"11"
"A"	"G"	61905329	"435_Node6"	"11"
"A"	"G"	64084516	"435_Node6"	"11"
"C"	"T"	73834144	"435_Node6"	"11"
"T"	"C"	85961377	"435_Node6"	"11"
"C"	"T"	110134833	"435_Node6"	"11"
"A"	"G"	117038172	"435_Node6"	"11"
"T"	"C"	7046168	"435_Node6"	"12"
"G"	"A"	11546858	"435_Node6"	"12"
"G"	"G"	32793387	"435_Node6"	"12"
"G"	"G"	50035714	"435_Node6"	"12"
"A"	"C"	78531021	"435_Node6"	"12"
"A"	"C"	96653579	"435_Node6"	"12"
"T"	"C"	105151113	"435_Node6"	"12"
"A"	"G"	20716958	"435_Node6"	"13"
"A"	"C"	37605902	"435_Node6"	"13"
"C"	"C"	20823912	"435_Node6"	"14"
"G"	"C"	25045379	"435_Node6"	"14"
"A"	"G"	53185055	"435_Node6"	"14"
"C"	"C"	91636380	"435_Node6"	"14"
"C"	"C"	94079308	"435_Node6"	"14"
"G"	"C"	99969243	"435_Node6"	"14"
"C"	"G"	102323180	"435_Node6"	"14"
"T"	"C"	103966497	"435_Node6"	"14"
"T"	"C"	104641742	"435_Node6"	"14"
"C"	"C"	105415398	"435_Node6"	"14"
"C"	"T"	41797630	"435_Node6"	"15"
"T"	"G"	53809913	"435_Node6"	"15"
"G"	"G"	90611751	"435_Node6"	"15"
"C"	"G"	4445338	"435_Node6"	"16"
"T"	"G"	10867955	"435_Node6"	"16"
"A"	"G"	31286939	"435_Node6"	"16"
"T"	"C"	74519721	"435_Node6"	"16"
"A"	"G"	87446726	"435_Node6"	"16"
"G"	"C"	7017556	"435_Node6"	"17"
"A"	"G"	7577539	"435_Node6"	"17"
"A"	"C"	8408200	"435_Node6"	"17"
"G"	"G"	27005589	"435_Node6"	"17"
"A"	"G"	27613873	"435_Node6"	"17"
"T"	"C"	33689792	"435_Node6"	"17"
"C"	"G"	36476502	"435_Node6"	"17"
"A"	"C"	40475318	"435_Node6"	"17"
"C"	"G"	40965983	"435_Node6"	"17"
"C"	"T"	60525994	"435_Node6"	"17"
"A"	"C"	73235058	"435_Node6"	"17"
"C"	"G"	2853263	"435_Node6"	"19"
"T"	"C"	8188415	"435_Node6"	"19"
"T"	"C"	22171610	"435_Node6"	"19"
"T"	"C"	39591247	"435_Node6"	"19"
"G"	"C"	43689111	"435_Node6"	"19"
"T"	"C"	45458682	"435_Node6"	"19"
"A"	"G"	53056992	"435_Node6"	"19"
"G"	"C"	58385762	"435_Node6"	"19"
"G"	"A"	2290450	"435_Node6"	"20"
"G"	"G"	3146806	"435_Node6"	"20"
"A"	"G"	9346114	"435_Node6"	"20"
"T"	"C"	35517720	"435_Node6"	"20"
"A"	"G"	44258516	"435_Node6"	"20"
"G"	"C"	44672327	"435_Node6"	"20"
"A"	"G"	45865184	"435_Node6"	"20"
"G"	"C"	49203803	"435_Node6"	"20"
"G"	"G"	28296641	"435_Node6"	"21"
"C"	"C"	45711005	"435_Node6"	"21"
"C"	"C"	46751472	"435_Node6"	"22"
"A"	"T"	14883515	"435_Node6"	"X"
"G"	"T"	15315750	"435_Node6"	"X"
"A"	"G"	35971801	"435_Node6"	"X"
"C"	"C"	47308031	"435_Node6"	"X"
"C"	"T"	49645762	"435_Node6"	"X"
"A"	"G"	70387244	"435_Node6"	"X"
"A"	"G"	99919839	"435_Node6"	"X"
"G"	"C"	100912483	"435_Node6"	"X"
"A"	"C"	112065768	"435_Node6"	"X"
"A"	"C"	114536682	"435_Node6"	"X"
"A"	"C"	151283696	"435_Node6"	"X"
"T"	"C"	2939177	"435_Node5"	"1"
"A"	"G"	10384954	"435_Node5"	"1"
"C"	"A"	10711024	"435_Node5"	"1"
"T"	"G"	39788581	"435_Node5"	"1"
"T"	"C"	52442668	"435_Node5"	"1"
"T"	"A"	57173340	"435_Node5"	"1"
"G"	"C"	118581954	"435_Node5"	"1"
"C"	"G"	161141666	"435_Node5"	"1"
"C"	"G"	162760608	"435_Node5"	"1"
"A"	"G"	167805709	"435_Node5"	"1"
"C"	"G"	186644476	"435_Node5"	"1"
"A"	"G"	208215609	"435_Node5"	"1"
"T"	"C"	236755893	"435_Node5"	"1"
"G"	"T"	248524929	"435_Node5"	"1"
"G"	"G"	141214026	"435_Node5"	"2"
"A"	"G"	141459305	"435_Node5"	"2"
"G"	"G"	161223769	"435_Node5"	"2"
"G"	"T"	163291971	"435_Node5"	"2"
"A"	"G"	170044559	"435_Node5"	"2"
"T"	"T"	175243770	"435_Node5"	"2"
"T"	"T"	196741271	"435_Node5"	"2"
"G"	"G"	211179675	"435_Node5"	"2"
"T"	"T"	213872136	"435_Node5"	"2"
"C"	"A"	213872682	"435_Node5"	"2"
"G"	"G"	216236634	"435_Node5"	"2"
"T"	"C"	228147173	"435_Node5"	"2"
"G"	"A"	231655592	"435_Node5"	"2"
"G"	"C"	33055592	"435_Node5"	"3"
"T"	"C"	41266113	"435_Node5"	"3"
"G"	"C"	48624007	"435_Node5"	"3"
"A"	"T"	75787218	"435_Node5"	"3"
"G"	"A"	75787244	"435_Node5"	"3"
"C"	"A"	138739017	"435_Node5"	"3"
"G"	"G"	146177758	"435_Node5"	"3"
"C"	"T"	153995412	"435_Node5"	"3"
"C"	"C"	154033003	"435_Node5"	"3"
"A"	"G"	184801255	"435_Node5"	"3"
"A"	"G"	6037800	"435_Node5"	"4"
"G"	"G"	7436260	"435_Node5"	"4"
"G"	"G"	15529107	"435_Node5"	"4"
"C"	"C"	57215954	"435_Node5"	"4"
"A"	"G"	77817011	"435_Node5"	"4"
"G"	"G"	99325726	"435_Node5"	"4"
"C"	"G"	114279753	"435_Node5"	"4"
"C"	"G"	144617375	"435_Node5"	"4"
"C"	"A"	151770610	"435_Node5"	"4"
"T"	"A"	158282752	"435_Node5"	"4"
"A"	"T"	165118225	"435_Node5"	"4"
"A"	"C"	165118226	"435_Node5"	"4"
"T"	"G"	175237426	"435_Node5"	"4"
"T"	"C"	183714476	"435_Node5"	"4"
"A"	"G"	185678378	"435_Node5"	"4"
"T"	"C"	236660	"435_Node5"	"5"
"G"	"G"	66416873	"435_Node5"	"5"
"C"	"C"	68411221	"435_Node5"	"5"
"T"	"C"	71489721	"435_Node5"	"5"
"T"	"C"	72864326	"435_Node5"	"5"
"C"	"T"	77311282	"435_Node5"	"5"
"C"	"C"	96518869	"435_Node5"	"5"
"G"	"G"	118485551	"435_Node5"	"5"
"G"	"G"	132270014	"435_Node5"	"5"
"T"	"G"	140168092	"435_Node5"	"5"
"A"	"T"	161580161	"435_Node5"	"5"
"T"	"C"	169116272	"435_Node5"	"5"
"C"	"C"	180329392	"435_Node5"	"5"
"G"	"G"	394886	"435_Node5"	"6"
"C"	"G"	2959567	"435_Node5"	"6"
"C"	"T"	32629133	"435_Node5"	"6"
"A"	"T"	36339140	"435_Node5"	"6"
"G"	"G"	37606389	"435_Node5"	"6"
"A"	"G"	42613248	"435_Node5"	"6"
"A"	"C"	49754204	"435_Node5"	"6"
"T"	"G"	79577450	"435_Node5"	"6"
"C"	"C"	85466460	"435_Node5"	"6"
"G"	"G"	30922577	"435_Node5"	"7"
"G"	"C"	44805910	"435_Node5"	"7"
"T"	"C"	55249071	"435_Node5"	"7"
"G"	"A"	56006699	"435_Node5"	"7"
"C"	"G"	92848697	"435_Node5"	"7"
"A"	"C"	103212708	"435_Node5"	"7"
"C"	"G"	120593375	"435_Node5"	"7"
"A"	"C"	142480063	"435_Node5"	"7"
"A"	"G"	143053779	"435_Node5"	"7"
"C"	"G"	148543590	"435_Node5"	"7"
"G"	"G"	22020183	"435_Node5"	"8"
"T"	"C"	35542203	"435_Node5"	"8"
"C"	"T"	41166552	"435_Node5"	"8"
"T"	"C"	42173801	"435_Node5"	"8"
"T"	"C"	67726129	"435_Node5"	"8"
"A"	"G"	105026786	"435_Node5"	"8"
"G"	"C"	122626427	"435_Node5"	"8"
"G"	"G"	133759261	"435_Node5"	"8"
"G"	"A"	67926873	"435_Node5"	"9"
"A"	"G"	73399191	"435_Node5"	"9"
"G"	"A"	102730769	"435_Node5"	"9"
"T"	"C"	139640316	"435_Node5"	"9"
"C"	"C"	20106092	"435_Node5"	"10"
"T"	"G"	49983790	"435_Node5"	"10"
"A"	"G"	52103560	"435_Node5"	"10"
"C"	"G"	96708892	"435_Node5"	"10"
"C"	"C"	97110968	"435_Node5"	"10"
"C"	"C"	98133381	"435_Node5"	"10"
"T"	"C"	135440123	"435_Node5"	"10"
"T"	"G"	45672159	"435_Node5"	"11"
"G"	"G"	61580059	"435_Node5"	"11"
"A"	"G"	61905329	"435_Node5"	"11"
"A"	"G"	64084516	"435_Node5"	"11"
"T"	"T"	73834144	"435_Node5"	"11"
"T"	"C"	85961377	"435_Node5"	"11"
"C"	"T"	110134833	"435_Node5"	"11"
"A"	"G"	117038172	"435_Node5"	"11"
"T"	"C"	7046168	"435_Node5"	"12"
"G"	"A"	11546858	"435_Node5"	"12"
"G"	"G"	32793387	"435_Node5"	"12"
"G"	"G"	50035714	"435_Node5"	"12"
"A"	"C"	78531021	"435_Node5"	"12"
"A"	"C"	96653579	"435_Node5"	"12"
"T"	"C"	105151113	"435_Node5"	"12"
"A"	"G"	20716958	"435_Node5"	"13"
"A"	"C"	37605902	"435_Node5"	"13"
"C"	"C"	20823912	"435_Node5"	"14"
"G"	"C"	25045379	"435_Node5"	"14"
"A"	"G"	53185055	"435_Node5"	"14"
"C"	"C"	91636380	"435_Node5"	"14"
"C"	"C"	94079308	"435_Node5"	"14"
"G"	"C"	99969243	"435_Node5"	"14"
"C"	"G"	102323180	"435_Node5"	"14"
"T"	"C"	103966497	"435_Node5"	"14"
"T"	"C"	104641742	"435_Node5"	"14"
"C"	"C"	105415398	"435_Node5"	"14"
"C"	"T"	41797630	"435_Node5"	"15"
"T"	"G"	53809913	"435_Node5"	"15"
"G"	"G"	90611751	"435_Node5"	"15"
"C"	"G"	4445338	"435_Node5"	"16"
"T"	"G"	10867955	"435_Node5"	"16"
"A"	"G"	31286939	"435_Node5"	"16"
"T"	"C"	74519721	"435_Node5"	"16"
"A"	"G"	87446726	"435_Node5"	"16"
"G"	"C"	7017556	"435_Node5"	"17"
"A"	"G"	7577539	"435_Node5"	"17"
"A"	"C"	8408200	"435_Node5"	"17"
"G"	"G"	27005589	"435_Node5"	"17"
"A"	"G"	27613873	"435_Node5"	"17"
"T"	"C"	33689792	"435_Node5"	"17"
"C"	"G"	36476502	"435_Node5"	"17"
"A"	"C"	40475318	"435_Node5"	"17"
"C"	"G"	40965983	"435_Node5"	"17"
"C"	"T"	60525994	"435_Node5"	"17"
"A"	"C"	73235058	"435_Node5"	"17"
"C"	"G"	2853263	"435_Node5"	"19"
"T"	"C"	8188415	"435_Node5"	"19"
"T"	"C"	22171610	"435_Node5"	"19"
"T"	"C"	39591247	"435_Node5"	"19"
"G"	"C"	43689111	"435_Node5"	"19"
"T"	"C"	45458682	"435_Node5"	"19"
"A"	"G"	53056992	"435_Node5"	"19"
"G"	"C"	58385762	"435_Node5"	"19"
"G"	"A"	2290450	"435_Node5"	"20"
"G"	"G"	3146806	"435_Node5"	"20"
"A"	"G"	9346114	"435_Node5"	"20"
"T"	"C"	35517720	"435_Node5"	"20"
"A"	"G"	44258516	"435_Node5"	"20"
"G"	"C"	44672327	"435_Node5"	"20"
"A"	"G"	45865184	"435_Node5"	"20"
"G"	"C"	49203803	"435_Node5"	"20"
"G"	"G"	28296641	"435_Node5"	"21"
"C"	"C"	45711005	"435_Node5"	"21"
"C"	"C"	46751472	"435_Node5"	"22"
"A"	"T"	14883515	"435_Node5"	"X"
"G"	"T"	15315750	"435_Node5"	"X"
"A"	"G"	35971801	"435_Node5"	"X"
"C"	"C"	47308031	"435_Node5"	"X"
"C"	"T"	49645762	"435_Node5"	"X"
"A"	"G"	70387244	"435_Node5"	"X"
"A"	"G"	99919839	"435_Node5"	"X"
"G"	"C"	100912483	"435_Node5"	"X"
"A"	"C"	112065768	"435_Node5"	"X"
"A"	"C"	114536682	"435_Node5"	"X"
"A"	"C"	151283696	"435_Node5"	"X"
"T"	"C"	2939177	"435_Node4"	"1"
"G"	"G"	10384954	"435_Node4"	"1"
"C"	"A"	10711024	"435_Node4"	"1"
"G"	"G"	39788581	"435_Node4"	"1"
"T"	"C"	52442668	"435_Node4"	"1"
"T"	"A"	57173340	"435_Node4"	"1"
"G"	"C"	118581954	"435_Node4"	"1"
"C"	"G"	161141666	"435_Node4"	"1"
"C"	"G"	162760608	"435_Node4"	"1"
"A"	"G"	167805709	"435_Node4"	"1"
"C"	"G"	186644476	"435_Node4"	"1"
"A"	"G"	208215609	"435_Node4"	"1"
"T"	"C"	236755893	"435_Node4"	"1"
"G"	"T"	248524929	"435_Node4"	"1"
"G"	"G"	141214026	"435_Node4"	"2"
"A"	"G"	141459305	"435_Node4"	"2"
"G"	"G"	161223769	"435_Node4"	"2"
"G"	"T"	163291971	"435_Node4"	"2"
"A"	"G"	170044559	"435_Node4"	"2"
"T"	"T"	175243770	"435_Node4"	"2"
"T"	"T"	196741271	"435_Node4"	"2"
"G"	"G"	211179675	"435_Node4"	"2"
"T"	"T"	213872136	"435_Node4"	"2"
"C"	"A"	213872682	"435_Node4"	"2"
"G"	"G"	216236634	"435_Node4"	"2"
"C"	"C"	228147173	"435_Node4"	"2"
"G"	"A"	231655592	"435_Node4"	"2"
"G"	"C"	33055592	"435_Node4"	"3"
"T"	"C"	41266113	"435_Node4"	"3"
"G"	"C"	48624007	"435_Node4"	"3"
"A"	"T"	75787218	"435_Node4"	"3"
"G"	"A"	75787244	"435_Node4"	"3"
"C"	"A"	138739017	"435_Node4"	"3"
"G"	"G"	146177758	"435_Node4"	"3"
"C"	"T"	153995412	"435_Node4"	"3"
"C"	"C"	154033003	"435_Node4"	"3"
"A"	"G"	184801255	"435_Node4"	"3"
"A"	"G"	6037800	"435_Node4"	"4"
"G"	"G"	7436260	"435_Node4"	"4"
"G"	"G"	15529107	"435_Node4"	"4"
"C"	"C"	57215954	"435_Node4"	"4"
"A"	"G"	77817011	"435_Node4"	"4"
"G"	"G"	99325726	"435_Node4"	"4"
"C"	"G"	114279753	"435_Node4"	"4"
"C"	"G"	144617375	"435_Node4"	"4"
"C"	"A"	151770610	"435_Node4"	"4"
"T"	"A"	158282752	"435_Node4"	"4"
"A"	"T"	165118225	"435_Node4"	"4"
"A"	"C"	165118226	"435_Node4"	"4"
"T"	"G"	175237426	"435_Node4"	"4"
"T"	"C"	183714476	"435_Node4"	"4"
"A"	"G"	185678378	"435_Node4"	"4"
"T"	"C"	236660	"435_Node4"	"5"
"G"	"G"	66416873	"435_Node4"	"5"
"C"	"C"	68411221	"435_Node4"	"5"
"T"	"C"	71489721	"435_Node4"	"5"
"T"	"C"	72864326	"435_Node4"	"5"
"C"	"T"	77311282	"435_Node4"	"5"
"C"	"C"	96518869	"435_Node4"	"5"
"G"	"G"	118485551	"435_Node4"	"5"
"G"	"G"	132270014	"435_Node4"	"5"
"T"	"G"	140168092	"435_Node4"	"5"
"A"	"T"	161580161	"435_Node4"	"5"
"T"	"C"	169116272	"435_Node4"	"5"
"C"	"C"	180329392	"435_Node4"	"5"
"G"	"G"	394886	"435_Node4"	"6"
"C"	"G"	2959567	"435_Node4"	"6"
"C"	"T"	32629133	"435_Node4"	"6"
"A"	"T"	36339140	"435_Node4"	"6"
"G"	"G"	37606389	"435_Node4"	"6"
"A"	"G"	42613248	"435_Node4"	"6"
"A"	"C"	49754204	"435_Node4"	"6"
"T"	"G"	79577450	"435_Node4"	"6"
"C"	"C"	85466460	"435_Node4"	"6"
"G"	"G"	30922577	"435_Node4"	"7"
"C"	"C"	44805910	"435_Node4"	"7"
"T"	"C"	55249071	"435_Node4"	"7"
"G"	"A"	56006699	"435_Node4"	"7"
"C"	"G"	92848697	"435_Node4"	"7"
"A"	"C"	103212708	"435_Node4"	"7"
"C"	"G"	120593375	"435_Node4"	"7"
"A"	"C"	142480063	"435_Node4"	"7"
"A"	"G"	143053779	"435_Node4"	"7"
"C"	"G"	148543590	"435_Node4"	"7"
"G"	"G"	22020183	"435_Node4"	"8"
"T"	"C"	35542203	"435_Node4"	"8"
"C"	"T"	41166552	"435_Node4"	"8"
"T"	"C"	42173801	"435_Node4"	"8"
"T"	"C"	67726129	"435_Node4"	"8"
"A"	"G"	105026786	"435_Node4"	"8"
"G"	"C"	122626427	"435_Node4"	"8"
"G"	"G"	133759261	"435_Node4"	"8"
"G"	"A"	67926873	"435_Node4"	"9"
"A"	"G"	73399191	"435_Node4"	"9"
"G"	"A"	102730769	"435_Node4"	"9"
"T"	"C"	139640316	"435_Node4"	"9"
"C"	"C"	20106092	"435_Node4"	"10"
"T"	"G"	49983790	"435_Node4"	"10"
"A"	"G"	52103560	"435_Node4"	"10"
"C"	"G"	96708892	"435_Node4"	"10"
"T"	"C"	97110968	"435_Node4"	"10"
"C"	"C"	98133381	"435_Node4"	"10"
"T"	"C"	135440123	"435_Node4"	"10"
"T"	"G"	45672159	"435_Node4"	"11"
"G"	"G"	61580059	"435_Node4"	"11"
"A"	"G"	61905329	"435_Node4"	"11"
"A"	"G"	64084516	"435_Node4"	"11"
"T"	"T"	73834144	"435_Node4"	"11"
"T"	"C"	85961377	"435_Node4"	"11"
"C"	"T"	110134833	"435_Node4"	"11"
"A"	"G"	117038172	"435_Node4"	"11"
"T"	"C"	7046168	"435_Node4"	"12"
"G"	"A"	11546858	"435_Node4"	"12"
"G"	"G"	32793387	"435_Node4"	"12"
"G"	"G"	50035714	"435_Node4"	"12"
"A"	"C"	78531021	"435_Node4"	"12"
"A"	"C"	96653579	"435_Node4"	"12"
"T"	"C"	105151113	"435_Node4"	"12"
"G"	"G"	20716958	"435_Node4"	"13"
"A"	"C"	37605902	"435_Node4"	"13"
"C"	"C"	20823912	"435_Node4"	"14"
"G"	"C"	25045379	"435_Node4"	"14"
"A"	"G"	53185055	"435_Node4"	"14"
"C"	"C"	91636380	"435_Node4"	"14"
"C"	"C"	94079308	"435_Node4"	"14"
"G"	"C"	99969243	"435_Node4"	"14"
"C"	"G"	102323180	"435_Node4"	"14"
"T"	"C"	103966497	"435_Node4"	"14"
"T"	"C"	104641742	"435_Node4"	"14"
"C"	"C"	105415398	"435_Node4"	"14"
"C"	"T"	41797630	"435_Node4"	"15"
"T"	"G"	53809913	"435_Node4"	"15"
"G"	"G"	90611751	"435_Node4"	"15"
"C"	"G"	4445338	"435_Node4"	"16"
"G"	"G"	10867955	"435_Node4"	"16"
"A"	"G"	31286939	"435_Node4"	"16"
"T"	"C"	74519721	"435_Node4"	"16"
"A"	"G"	87446726	"435_Node4"	"16"
"G"	"C"	7017556	"435_Node4"	"17"
"A"	"G"	7577539	"435_Node4"	"17"
"A"	"C"	8408200	"435_Node4"	"17"
"G"	"G"	27005589	"435_Node4"	"17"
"A"	"G"	27613873	"435_Node4"	"17"
"T"	"C"	33689792	"435_Node4"	"17"
"C"	"G"	36476502	"435_Node4"	"17"
"A"	"C"	40475318	"435_Node4"	"17"
"C"	"G"	40965983	"435_Node4"	"17"
"C"	"T"	60525994	"435_Node4"	"17"
"A"	"C"	73235058	"435_Node4"	"17"
"C"	"G"	2853263	"435_Node4"	"19"
"T"	"C"	8188415	"435_Node4"	"19"
"T"	"C"	22171610	"435_Node4"	"19"
"T"	"C"	39591247	"435_Node4"	"19"
"C"	"C"	43689111	"435_Node4"	"19"
"T"	"C"	45458682	"435_Node4"	"19"
"A"	"G"	53056992	"435_Node4"	"19"
"G"	"C"	58385762	"435_Node4"	"19"
"G"	"A"	2290450	"435_Node4"	"20"
"G"	"G"	3146806	"435_Node4"	"20"
"A"	"G"	9346114	"435_Node4"	"20"
"T"	"C"	35517720	"435_Node4"	"20"
"A"	"G"	44258516	"435_Node4"	"20"
"G"	"C"	44672327	"435_Node4"	"20"
"A"	"G"	45865184	"435_Node4"	"20"
"G"	"C"	49203803	"435_Node4"	"20"
"G"	"G"	28296641	"435_Node4"	"21"
"C"	"C"	45711005	"435_Node4"	"21"
"C"	"C"	46751472	"435_Node4"	"22"
"A"	"T"	14883515	"435_Node4"	"X"
"G"	"T"	15315750	"435_Node4"	"X"
"A"	"G"	35971801	"435_Node4"	"X"
"C"	"C"	47308031	"435_Node4"	"X"
"C"	"T"	49645762	"435_Node4"	"X"
"A"	"G"	70387244	"435_Node4"	"X"
"A"	"G"	99919839	"435_Node4"	"X"
"G"	"C"	100912483	"435_Node4"	"X"
"A"	"C"	112065768	"435_Node4"	"X"
"A"	"C"	114536682	"435_Node4"	"X"
"A"	"C"	151283696	"435_Node4"	"X"
"T"	"C"	2939177	"435_Node3"	"1"
"G"	"G"	10384954	"435_Node3"	"1"
"C"	"A"	10711024	"435_Node3"	"1"
"G"	"G"	39788581	"435_Node3"	"1"
"C"	"C"	52442668	"435_Node3"	"1"
"T"	"A"	57173340	"435_Node3"	"1"
"C"	"C"	118581954	"435_Node3"	"1"
"C"	"G"	161141666	"435_Node3"	"1"
"C"	"G"	162760608	"435_Node3"	"1"
"A"	"G"	167805709	"435_Node3"	"1"
"C"	"G"	186644476	"435_Node3"	"1"
"A"	"G"	208215609	"435_Node3"	"1"
"C"	"C"	236755893	"435_Node3"	"1"
"G"	"T"	248524929	"435_Node3"	"1"
"G"	"G"	141214026	"435_Node3"	"2"
"A"	"G"	141459305	"435_Node3"	"2"
"G"	"G"	161223769	"435_Node3"	"2"
"G"	"T"	163291971	"435_Node3"	"2"
"A"	"G"	170044559	"435_Node3"	"2"
"T"	"T"	175243770	"435_Node3"	"2"
"T"	"T"	196741271	"435_Node3"	"2"
"G"	"G"	211179675	"435_Node3"	"2"
"T"	"T"	213872136	"435_Node3"	"2"
"A"	"A"	213872682	"435_Node3"	"2"
"G"	"G"	216236634	"435_Node3"	"2"
"C"	"C"	228147173	"435_Node3"	"2"
"G"	"A"	231655592	"435_Node3"	"2"
"C"	"C"	33055592	"435_Node3"	"3"
"T"	"C"	41266113	"435_Node3"	"3"
"G"	"C"	48624007	"435_Node3"	"3"
"A"	"T"	75787218	"435_Node3"	"3"
"G"	"A"	75787244	"435_Node3"	"3"
"C"	"A"	138739017	"435_Node3"	"3"
"G"	"G"	146177758	"435_Node3"	"3"
"C"	"T"	153995412	"435_Node3"	"3"
"C"	"C"	154033003	"435_Node3"	"3"
"A"	"G"	184801255	"435_Node3"	"3"
"A"	"G"	6037800	"435_Node3"	"4"
"G"	"G"	7436260	"435_Node3"	"4"
"G"	"G"	15529107	"435_Node3"	"4"
"C"	"C"	57215954	"435_Node3"	"4"
"A"	"G"	77817011	"435_Node3"	"4"
"G"	"G"	99325726	"435_Node3"	"4"
"C"	"G"	114279753	"435_Node3"	"4"
"C"	"G"	144617375	"435_Node3"	"4"
"C"	"A"	151770610	"435_Node3"	"4"
"T"	"A"	158282752	"435_Node3"	"4"
"A"	"T"	165118225	"435_Node3"	"4"
"A"	"C"	165118226	"435_Node3"	"4"
"T"	"G"	175237426	"435_Node3"	"4"
"T"	"C"	183714476	"435_Node3"	"4"
"A"	"G"	185678378	"435_Node3"	"4"
"T"	"C"	236660	"435_Node3"	"5"
"G"	"G"	66416873	"435_Node3"	"5"
"C"	"C"	68411221	"435_Node3"	"5"
"T"	"C"	71489721	"435_Node3"	"5"
"T"	"C"	72864326	"435_Node3"	"5"
"C"	"T"	77311282	"435_Node3"	"5"
"C"	"C"	96518869	"435_Node3"	"5"
"G"	"G"	118485551	"435_Node3"	"5"
"G"	"G"	132270014	"435_Node3"	"5"
"T"	"G"	140168092	"435_Node3"	"5"
"A"	"T"	161580161	"435_Node3"	"5"
"C"	"C"	169116272	"435_Node3"	"5"
"C"	"C"	180329392	"435_Node3"	"5"
"G"	"G"	394886	"435_Node3"	"6"
"C"	"G"	2959567	"435_Node3"	"6"
"C"	"T"	32629133	"435_Node3"	"6"
"A"	"T"	36339140	"435_Node3"	"6"
"G"	"G"	37606389	"435_Node3"	"6"
"A"	"G"	42613248	"435_Node3"	"6"
"A"	"C"	49754204	"435_Node3"	"6"
"G"	"G"	79577450	"435_Node3"	"6"
"C"	"C"	85466460	"435_Node3"	"6"
"G"	"G"	30922577	"435_Node3"	"7"
"C"	"C"	44805910	"435_Node3"	"7"
"T"	"C"	55249071	"435_Node3"	"7"
"G"	"A"	56006699	"435_Node3"	"7"
"C"	"G"	92848697	"435_Node3"	"7"
"A"	"C"	103212708	"435_Node3"	"7"
"C"	"G"	120593375	"435_Node3"	"7"
"A"	"C"	142480063	"435_Node3"	"7"
"G"	"G"	143053779	"435_Node3"	"7"
"C"	"G"	148543590	"435_Node3"	"7"
"G"	"G"	22020183	"435_Node3"	"8"
"C"	"C"	35542203	"435_Node3"	"8"
"C"	"T"	41166552	"435_Node3"	"8"
"T"	"C"	42173801	"435_Node3"	"8"
"T"	"C"	67726129	"435_Node3"	"8"
"A"	"G"	105026786	"435_Node3"	"8"
"G"	"C"	122626427	"435_Node3"	"8"
"G"	"G"	133759261	"435_Node3"	"8"
"G"	"A"	67926873	"435_Node3"	"9"
"A"	"G"	73399191	"435_Node3"	"9"
"G"	"A"	102730769	"435_Node3"	"9"
"C"	"C"	139640316	"435_Node3"	"9"
"C"	"C"	20106092	"435_Node3"	"10"
"T"	"G"	49983790	"435_Node3"	"10"
"A"	"G"	52103560	"435_Node3"	"10"
"C"	"G"	96708892	"435_Node3"	"10"
"T"	"C"	97110968	"435_Node3"	"10"
"C"	"C"	98133381	"435_Node3"	"10"
"T"	"C"	135440123	"435_Node3"	"10"
"T"	"G"	45672159	"435_Node3"	"11"
"G"	"G"	61580059	"435_Node3"	"11"
"A"	"G"	61905329	"435_Node3"	"11"
"A"	"G"	64084516	"435_Node3"	"11"
"T"	"T"	73834144	"435_Node3"	"11"
"C"	"C"	85961377	"435_Node3"	"11"
"C"	"T"	110134833	"435_Node3"	"11"
"A"	"G"	117038172	"435_Node3"	"11"
"T"	"C"	7046168	"435_Node3"	"12"
"G"	"A"	11546858	"435_Node3"	"12"
"G"	"G"	32793387	"435_Node3"	"12"
"G"	"G"	50035714	"435_Node3"	"12"
"A"	"C"	78531021	"435_Node3"	"12"
"A"	"C"	96653579	"435_Node3"	"12"
"T"	"C"	105151113	"435_Node3"	"12"
"G"	"G"	20716958	"435_Node3"	"13"
"A"	"C"	37605902	"435_Node3"	"13"
"C"	"C"	20823912	"435_Node3"	"14"
"G"	"C"	25045379	"435_Node3"	"14"
"A"	"G"	53185055	"435_Node3"	"14"
"C"	"C"	91636380	"435_Node3"	"14"
"C"	"C"	94079308	"435_Node3"	"14"
"G"	"C"	99969243	"435_Node3"	"14"
"C"	"G"	102323180	"435_Node3"	"14"
"T"	"C"	103966497	"435_Node3"	"14"
"T"	"C"	104641742	"435_Node3"	"14"
"C"	"C"	105415398	"435_Node3"	"14"
"C"	"T"	41797630	"435_Node3"	"15"
"T"	"G"	53809913	"435_Node3"	"15"
"G"	"G"	90611751	"435_Node3"	"15"
"C"	"G"	4445338	"435_Node3"	"16"
"G"	"G"	10867955	"435_Node3"	"16"
"A"	"G"	31286939	"435_Node3"	"16"
"T"	"C"	74519721	"435_Node3"	"16"
"A"	"G"	87446726	"435_Node3"	"16"
"G"	"C"	7017556	"435_Node3"	"17"
"A"	"G"	7577539	"435_Node3"	"17"
"A"	"C"	8408200	"435_Node3"	"17"
"G"	"G"	27005589	"435_Node3"	"17"
"A"	"G"	27613873	"435_Node3"	"17"
"T"	"C"	33689792	"435_Node3"	"17"
"G"	"G"	36476502	"435_Node3"	"17"
"A"	"C"	40475318	"435_Node3"	"17"
"C"	"G"	40965983	"435_Node3"	"17"
"C"	"T"	60525994	"435_Node3"	"17"
"A"	"C"	73235058	"435_Node3"	"17"
"G"	"G"	2853263	"435_Node3"	"19"
"C"	"C"	8188415	"435_Node3"	"19"
"T"	"C"	22171610	"435_Node3"	"19"
"T"	"C"	39591247	"435_Node3"	"19"
"C"	"C"	43689111	"435_Node3"	"19"
"T"	"C"	45458682	"435_Node3"	"19"
"A"	"G"	53056992	"435_Node3"	"19"
"G"	"C"	58385762	"435_Node3"	"19"
"G"	"A"	2290450	"435_Node3"	"20"
"G"	"G"	3146806	"435_Node3"	"20"
"A"	"G"	9346114	"435_Node3"	"20"
"T"	"C"	35517720	"435_Node3"	"20"
"A"	"G"	44258516	"435_Node3"	"20"
"G"	"C"	44672327	"435_Node3"	"20"
"A"	"G"	45865184	"435_Node3"	"20"
"C"	"C"	49203803	"435_Node3"	"20"
"G"	"G"	28296641	"435_Node3"	"21"
"C"	"C"	45711005	"435_Node3"	"21"
"C"	"C"	46751472	"435_Node3"	"22"
"A"	"T"	14883515	"435_Node3"	"X"
"G"	"T"	15315750	"435_Node3"	"X"
"A"	"G"	35971801	"435_Node3"	"X"
"C"	"C"	47308031	"435_Node3"	"X"
"C"	"T"	49645762	"435_Node3"	"X"
"A"	"G"	70387244	"435_Node3"	"X"
"A"	"G"	99919839	"435_Node3"	"X"
"G"	"C"	100912483	"435_Node3"	"X"
"A"	"C"	112065768	"435_Node3"	"X"
"A"	"C"	114536682	"435_Node3"	"X"
"A"	"C"	151283696	"435_Node3"	"X"
"T"	"C"	2939177	"435_Node2"	"1"
"G"	"G"	10384954	"435_Node2"	"1"
"C"	"A"	10711024	"435_Node2"	"1"
"G"	"G"	39788581	"435_Node2"	"1"
"C"	"C"	52442668	"435_Node2"	"1"
"A"	"A"	57173340	"435_Node2"	"1"
"C"	"C"	118581954	"435_Node2"	"1"
"C"	"G"	161141666	"435_Node2"	"1"
"C"	"G"	162760608	"435_Node2"	"1"
"A"	"G"	167805709	"435_Node2"	"1"
"C"	"G"	186644476	"435_Node2"	"1"
"G"	"G"	208215609	"435_Node2"	"1"
"C"	"C"	236755893	"435_Node2"	"1"
"G"	"T"	248524929	"435_Node2"	"1"
"G"	"G"	141214026	"435_Node2"	"2"
"A"	"G"	141459305	"435_Node2"	"2"
"G"	"G"	161223769	"435_Node2"	"2"
"G"	"T"	163291971	"435_Node2"	"2"
"G"	"G"	170044559	"435_Node2"	"2"
"T"	"T"	175243770	"435_Node2"	"2"
"T"	"T"	196741271	"435_Node2"	"2"
"C"	"G"	211179675	"435_Node2"	"2"
"T"	"T"	213872136	"435_Node2"	"2"
"A"	"A"	213872682	"435_Node2"	"2"
"G"	"G"	216236634	"435_Node2"	"2"
"C"	"C"	228147173	"435_Node2"	"2"
"A"	"A"	231655592	"435_Node2"	"2"
"C"	"C"	33055592	"435_Node2"	"3"
"C"	"C"	41266113	"435_Node2"	"3"
"G"	"C"	48624007	"435_Node2"	"3"
"A"	"T"	75787218	"435_Node2"	"3"
"G"	"A"	75787244	"435_Node2"	"3"
"C"	"A"	138739017	"435_Node2"	"3"
"G"	"G"	146177758	"435_Node2"	"3"
"C"	"T"	153995412	"435_Node2"	"3"
"C"	"C"	154033003	"435_Node2"	"3"
"G"	"G"	184801255	"435_Node2"	"3"
"A"	"G"	6037800	"435_Node2"	"4"
"G"	"G"	7436260	"435_Node2"	"4"
"G"	"G"	15529107	"435_Node2"	"4"
"C"	"C"	57215954	"435_Node2"	"4"
"G"	"G"	77817011	"435_Node2"	"4"
"G"	"G"	99325726	"435_Node2"	"4"
"G"	"G"	114279753	"435_Node2"	"4"
"C"	"G"	144617375	"435_Node2"	"4"
"C"	"A"	151770610	"435_Node2"	"4"
"T"	"A"	158282752	"435_Node2"	"4"
"T"	"T"	165118225	"435_Node2"	"4"
"C"	"C"	165118226	"435_Node2"	"4"
"T"	"G"	175237426	"435_Node2"	"4"
"T"	"C"	183714476	"435_Node2"	"4"
"A"	"G"	185678378	"435_Node2"	"4"
"T"	"C"	236660	"435_Node2"	"5"
"G"	"G"	66416873	"435_Node2"	"5"
"C"	"C"	68411221	"435_Node2"	"5"
"T"	"C"	71489721	"435_Node2"	"5"
"T"	"C"	72864326	"435_Node2"	"5"
"C"	"T"	77311282	"435_Node2"	"5"
"C"	"C"	96518869	"435_Node2"	"5"
"G"	"G"	118485551	"435_Node2"	"5"
"G"	"G"	132270014	"435_Node2"	"5"
"T"	"G"	140168092	"435_Node2"	"5"
"T"	"T"	161580161	"435_Node2"	"5"
"C"	"C"	169116272	"435_Node2"	"5"
"C"	"C"	180329392	"435_Node2"	"5"
"G"	"G"	394886	"435_Node2"	"6"
"G"	"G"	2959567	"435_Node2"	"6"
"C"	"T"	32629133	"435_Node2"	"6"
"A"	"T"	36339140	"435_Node2"	"6"
"G"	"G"	37606389	"435_Node2"	"6"
"A"	"G"	42613248	"435_Node2"	"6"
"A"	"C"	49754204	"435_Node2"	"6"
"G"	"G"	79577450	"435_Node2"	"6"
"C"	"C"	85466460	"435_Node2"	"6"
"G"	"G"	30922577	"435_Node2"	"7"
"C"	"C"	44805910	"435_Node2"	"7"
"T"	"C"	55249071	"435_Node2"	"7"
"G"	"A"	56006699	"435_Node2"	"7"
"G"	"G"	92848697	"435_Node2"	"7"
"A"	"C"	103212708	"435_Node2"	"7"
"C"	"G"	120593375	"435_Node2"	"7"
"A"	"C"	142480063	"435_Node2"	"7"
"G"	"G"	143053779	"435_Node2"	"7"
"C"	"G"	148543590	"435_Node2"	"7"
"G"	"G"	22020183	"435_Node2"	"8"
"C"	"C"	35542203	"435_Node2"	"8"
"C"	"T"	41166552	"435_Node2"	"8"
"C"	"C"	42173801	"435_Node2"	"8"
"C"	"C"	67726129	"435_Node2"	"8"
"A"	"G"	105026786	"435_Node2"	"8"
"C"	"C"	122626427	"435_Node2"	"8"
"G"	"G"	133759261	"435_Node2"	"8"
"G"	"A"	67926873	"435_Node2"	"9"
"A"	"G"	73399191	"435_Node2"	"9"
"G"	"A"	102730769	"435_Node2"	"9"
"C"	"C"	139640316	"435_Node2"	"9"
"C"	"C"	20106092	"435_Node2"	"10"
"T"	"G"	49983790	"435_Node2"	"10"
"G"	"G"	52103560	"435_Node2"	"10"
"C"	"G"	96708892	"435_Node2"	"10"
"C"	"C"	97110968	"435_Node2"	"10"
"C"	"C"	98133381	"435_Node2"	"10"
"T"	"C"	135440123	"435_Node2"	"10"
"T"	"G"	45672159	"435_Node2"	"11"
"G"	"G"	61580059	"435_Node2"	"11"
"G"	"G"	61905329	"435_Node2"	"11"
"A"	"G"	64084516	"435_Node2"	"11"
"T"	"T"	73834144	"435_Node2"	"11"
"C"	"C"	85961377	"435_Node2"	"11"
"C"	"T"	110134833	"435_Node2"	"11"
"A"	"G"	117038172	"435_Node2"	"11"
"T"	"C"	7046168	"435_Node2"	"12"
"G"	"A"	11546858	"435_Node2"	"12"
"G"	"G"	32793387	"435_Node2"	"12"
"G"	"G"	50035714	"435_Node2"	"12"
"A"	"C"	78531021	"435_Node2"	"12"
"C"	"C"	96653579	"435_Node2"	"12"
"T"	"C"	105151113	"435_Node2"	"12"
"G"	"G"	20716958	"435_Node2"	"13"
"A"	"C"	37605902	"435_Node2"	"13"
"C"	"C"	20823912	"435_Node2"	"14"
"G"	"C"	25045379	"435_Node2"	"14"
"G"	"G"	53185055	"435_Node2"	"14"
"C"	"C"	91636380	"435_Node2"	"14"
"C"	"C"	94079308	"435_Node2"	"14"
"G"	"C"	99969243	"435_Node2"	"14"
"G"	"G"	102323180	"435_Node2"	"14"
"T"	"C"	103966497	"435_Node2"	"14"
"T"	"C"	104641742	"435_Node2"	"14"
"C"	"C"	105415398	"435_Node2"	"14"
"C"	"T"	41797630	"435_Node2"	"15"
"G"	"G"	53809913	"435_Node2"	"15"
"G"	"G"	90611751	"435_Node2"	"15"
"G"	"G"	4445338	"435_Node2"	"16"
"G"	"G"	10867955	"435_Node2"	"16"
"G"	"G"	31286939	"435_Node2"	"16"
"T"	"C"	74519721	"435_Node2"	"16"
"G"	"G"	87446726	"435_Node2"	"16"
"G"	"C"	7017556	"435_Node2"	"17"
"A"	"G"	7577539	"435_Node2"	"17"
"A"	"C"	8408200	"435_Node2"	"17"
"G"	"G"	27005589	"435_Node2"	"17"
"A"	"G"	27613873	"435_Node2"	"17"
"T"	"C"	33689792	"435_Node2"	"17"
"G"	"G"	36476502	"435_Node2"	"17"
"C"	"C"	40475318	"435_Node2"	"17"
"G"	"G"	40965983	"435_Node2"	"17"
"C"	"T"	60525994	"435_Node2"	"17"
"C"	"C"	73235058	"435_Node2"	"17"
"G"	"G"	2853263	"435_Node2"	"19"
"C"	"C"	8188415	"435_Node2"	"19"
"T"	"C"	22171610	"435_Node2"	"19"
"C"	"C"	39591247	"435_Node2"	"19"
"C"	"C"	43689111	"435_Node2"	"19"
"T"	"C"	45458682	"435_Node2"	"19"
"A"	"G"	53056992	"435_Node2"	"19"
"G"	"C"	58385762	"435_Node2"	"19"
"G"	"A"	2290450	"435_Node2"	"20"
"G"	"G"	3146806	"435_Node2"	"20"
"A"	"G"	9346114	"435_Node2"	"20"
"T"	"C"	35517720	"435_Node2"	"20"
"G"	"G"	44258516	"435_Node2"	"20"
"G"	"C"	44672327	"435_Node2"	"20"
"A"	"G"	45865184	"435_Node2"	"20"
"C"	"C"	49203803	"435_Node2"	"20"
"G"	"G"	28296641	"435_Node2"	"21"
"A"	"C"	45711005	"435_Node2"	"21"
"A"	"C"	46751472	"435_Node2"	"22"
"A"	"T"	14883515	"435_Node2"	"X"
"G"	"T"	15315750	"435_Node2"	"X"
"G"	"G"	35971801	"435_Node2"	"X"
"C"	"C"	47308031	"435_Node2"	"X"
"C"	"T"	49645762	"435_Node2"	"X"
"G"	"G"	70387244	"435_Node2"	"X"
"A"	"G"	99919839	"435_Node2"	"X"
"C"	"C"	100912483	"435_Node2"	"X"
"C"	"C"	112065768	"435_Node2"	"X"
"A"	"C"	114536682	"435_Node2"	"X"
"A"	"C"	151283696	"435_Node2"	"X"
"T"	"C"	2939177	"435_Node1"	"1"
"G"	"G"	10384954	"435_Node1"	"1"
"A"	"A"	10711024	"435_Node1"	"1"
"G"	"G"	39788581	"435_Node1"	"1"
"C"	"C"	52442668	"435_Node1"	"1"
"A"	"A"	57173340	"435_Node1"	"1"
"C"	"C"	118581954	"435_Node1"	"1"
"G"	"G"	161141666	"435_Node1"	"1"
"C"	"G"	162760608	"435_Node1"	"1"
"A"	"G"	167805709	"435_Node1"	"1"
"G"	"G"	186644476	"435_Node1"	"1"
"G"	"G"	208215609	"435_Node1"	"1"
"C"	"C"	236755893	"435_Node1"	"1"
"G"	"T"	248524929	"435_Node1"	"1"
"G"	"G"	141214026	"435_Node1"	"2"
"A"	"G"	141459305	"435_Node1"	"2"
"G"	"G"	161223769	"435_Node1"	"2"
"T"	"T"	163291971	"435_Node1"	"2"
"G"	"G"	170044559	"435_Node1"	"2"
"T"	"T"	175243770	"435_Node1"	"2"
"T"	"T"	196741271	"435_Node1"	"2"
"G"	"G"	211179675	"435_Node1"	"2"
"T"	"T"	213872136	"435_Node1"	"2"
"A"	"A"	213872682	"435_Node1"	"2"
"G"	"G"	216236634	"435_Node1"	"2"
"C"	"C"	228147173	"435_Node1"	"2"
"A"	"A"	231655592	"435_Node1"	"2"
"C"	"C"	33055592	"435_Node1"	"3"
"G"	"C"	41266113	"435_Node1"	"3"
"C"	"C"	48624007	"435_Node1"	"3"
"A"	"T"	75787218	"435_Node1"	"3"
"G"	"A"	75787244	"435_Node1"	"3"
"A"	"A"	138739017	"435_Node1"	"3"
"G"	"G"	146177758	"435_Node1"	"3"
"C"	"T"	153995412	"435_Node1"	"3"
"G"	"C"	154033003	"435_Node1"	"3"
"G"	"G"	184801255	"435_Node1"	"3"
"G"	"G"	6037800	"435_Node1"	"4"
"A"	"G"	7436260	"435_Node1"	"4"
"G"	"G"	15529107	"435_Node1"	"4"
"C"	"C"	57215954	"435_Node1"	"4"
"G"	"G"	77817011	"435_Node1"	"4"
"A"	"G"	99325726	"435_Node1"	"4"
"G"	"G"	114279753	"435_Node1"	"4"
"G"	"G"	144617375	"435_Node1"	"4"
"C"	"A"	151770610	"435_Node1"	"4"
"T"	"A"	158282752	"435_Node1"	"4"
"T"	"T"	165118225	"435_Node1"	"4"
"C"	"C"	165118226	"435_Node1"	"4"
"T"	"G"	175237426	"435_Node1"	"4"
"C"	"C"	183714476	"435_Node1"	"4"
"G"	"G"	185678378	"435_Node1"	"4"
"T"	"C"	236660	"435_Node1"	"5"
"G"	"G"	66416873	"435_Node1"	"5"
"G"	"C"	68411221	"435_Node1"	"5"
"T"	"C"	71489721	"435_Node1"	"5"
"T"	"C"	72864326	"435_Node1"	"5"
"C"	"T"	77311282	"435_Node1"	"5"
"C"	"C"	96518869	"435_Node1"	"5"
"G"	"G"	118485551	"435_Node1"	"5"
"G"	"G"	132270014	"435_Node1"	"5"
"T"	"G"	140168092	"435_Node1"	"5"
"T"	"T"	161580161	"435_Node1"	"5"
"C"	"C"	169116272	"435_Node1"	"5"
"G"	"C"	180329392	"435_Node1"	"5"
"G"	"G"	394886	"435_Node1"	"6"
"G"	"G"	2959567	"435_Node1"	"6"
"C"	"T"	32629133	"435_Node1"	"6"
"T"	"T"	36339140	"435_Node1"	"6"
"G"	"G"	37606389	"435_Node1"	"6"
"A"	"G"	42613248	"435_Node1"	"6"
"A"	"C"	49754204	"435_Node1"	"6"
"G"	"G"	79577450	"435_Node1"	"6"
"G"	"C"	85466460	"435_Node1"	"6"
"G"	"G"	30922577	"435_Node1"	"7"
"C"	"C"	44805910	"435_Node1"	"7"
"C"	"C"	55249071	"435_Node1"	"7"
"G"	"A"	56006699	"435_Node1"	"7"
"G"	"G"	92848697	"435_Node1"	"7"
"A"	"C"	103212708	"435_Node1"	"7"
"C"	"G"	120593375	"435_Node1"	"7"
"A"	"C"	142480063	"435_Node1"	"7"
"A"	"G"	143053779	"435_Node1"	"7"
"C"	"G"	148543590	"435_Node1"	"7"
"G"	"G"	22020183	"435_Node1"	"8"
"C"	"C"	35542203	"435_Node1"	"8"
"T"	"T"	41166552	"435_Node1"	"8"
"C"	"C"	42173801	"435_Node1"	"8"
"C"	"C"	67726129	"435_Node1"	"8"
"A"	"G"	105026786	"435_Node1"	"8"
"C"	"C"	122626427	"435_Node1"	"8"
"G"	"G"	133759261	"435_Node1"	"8"
"G"	"A"	67926873	"435_Node1"	"9"
"A"	"G"	73399191	"435_Node1"	"9"
"A"	"A"	102730769	"435_Node1"	"9"
"C"	"C"	139640316	"435_Node1"	"9"
"C"	"C"	20106092	"435_Node1"	"10"
"G"	"G"	49983790	"435_Node1"	"10"
"G"	"G"	52103560	"435_Node1"	"10"
"G"	"G"	96708892	"435_Node1"	"10"
"C"	"C"	97110968	"435_Node1"	"10"
"C"	"C"	98133381	"435_Node1"	"10"
"C"	"C"	135440123	"435_Node1"	"10"
"G"	"G"	45672159	"435_Node1"	"11"
"G"	"G"	61580059	"435_Node1"	"11"
"G"	"G"	61905329	"435_Node1"	"11"
"G"	"G"	64084516	"435_Node1"	"11"
"T"	"T"	73834144	"435_Node1"	"11"
"C"	"C"	85961377	"435_Node1"	"11"
"C"	"T"	110134833	"435_Node1"	"11"
"G"	"G"	117038172	"435_Node1"	"11"
"C"	"C"	7046168	"435_Node1"	"12"
"G"	"A"	11546858	"435_Node1"	"12"
"G"	"G"	32793387	"435_Node1"	"12"
"G"	"G"	50035714	"435_Node1"	"12"
"A"	"C"	78531021	"435_Node1"	"12"
"C"	"C"	96653579	"435_Node1"	"12"
"C"	"C"	105151113	"435_Node1"	"12"
"G"	"G"	20716958	"435_Node1"	"13"
"C"	"C"	37605902	"435_Node1"	"13"
"C"	"C"	20823912	"435_Node1"	"14"
"C"	"C"	25045379	"435_Node1"	"14"
"G"	"G"	53185055	"435_Node1"	"14"
"C"	"C"	91636380	"435_Node1"	"14"
"C"	"C"	94079308	"435_Node1"	"14"
"C"	"C"	99969243	"435_Node1"	"14"
"G"	"G"	102323180	"435_Node1"	"14"
"T"	"C"	103966497	"435_Node1"	"14"
"T"	"C"	104641742	"435_Node1"	"14"
"C"	"C"	105415398	"435_Node1"	"14"
"T"	"T"	41797630	"435_Node1"	"15"
"G"	"G"	53809913	"435_Node1"	"15"
"G"	"G"	90611751	"435_Node1"	"15"
"G"	"G"	4445338	"435_Node1"	"16"
"A"	"G"	10867955	"435_Node1"	"16"
"G"	"G"	31286939	"435_Node1"	"16"
"C"	"C"	74519721	"435_Node1"	"16"
"G"	"G"	87446726	"435_Node1"	"16"
"G"	"C"	7017556	"435_Node1"	"17"
"A"	"G"	7577539	"435_Node1"	"17"
"C"	"C"	8408200	"435_Node1"	"17"
"G"	"G"	27005589	"435_Node1"	"17"
"G"	"G"	27613873	"435_Node1"	"17"
"C"	"C"	33689792	"435_Node1"	"17"
"G"	"G"	36476502	"435_Node1"	"17"
"C"	"C"	40475318	"435_Node1"	"17"
"G"	"G"	40965983	"435_Node1"	"17"
"C"	"T"	60525994	"435_Node1"	"17"
"C"	"C"	73235058	"435_Node1"	"17"
"G"	"G"	2853263	"435_Node1"	"19"
"C"	"C"	8188415	"435_Node1"	"19"
"T"	"C"	22171610	"435_Node1"	"19"
"C"	"C"	39591247	"435_Node1"	"19"
"C"	"C"	43689111	"435_Node1"	"19"
"T"	"C"	45458682	"435_Node1"	"19"
"A"	"G"	53056992	"435_Node1"	"19"
"G"	"C"	58385762	"435_Node1"	"19"
"A"	"A"	2290450	"435_Node1"	"20"
"G"	"G"	3146806	"435_Node1"	"20"
"G"	"G"	9346114	"435_Node1"	"20"
"T"	"C"	35517720	"435_Node1"	"20"
"G"	"G"	44258516	"435_Node1"	"20"
"C"	"C"	44672327	"435_Node1"	"20"
"G"	"G"	45865184	"435_Node1"	"20"
"C"	"C"	49203803	"435_Node1"	"20"
"A"	"G"	28296641	"435_Node1"	"21"
"C"	"C"	45711005	"435_Node1"	"21"
"C"	"C"	46751472	"435_Node1"	"22"
"T"	"T"	14883515	"435_Node1"	"X"
"G"	"T"	15315750	"435_Node1"	"X"
"G"	"G"	35971801	"435_Node1"	"X"
"C"	"C"	47308031	"435_Node1"	"X"
"C"	"T"	49645762	"435_Node1"	"X"
"G"	"G"	70387244	"435_Node1"	"X"
"A"	"G"	99919839	"435_Node1"	"X"
"C"	"C"	100912483	"435_Node1"	"X"
"C"	"C"	112065768	"435_Node1"	"X"
"A"	"C"	114536682	"435_Node1"	"X"
"A"	"C"	151283696	"435_Node1"	"X"
